,text,rythm,rythm_tok,ipa,pos
0,"['o lady judith spröder schatz', 'drückt dich zu fest mein arm', 'je zwei zu pferd haben schlechten platz', 'und winternacht weht nicht warm']","[[0.5, 1, 0, 1, 0, 1, 0, 1], [1, 0.5, 0, 1, 0, 1], [1, 0.5, 0.5, 1, 1, 0, 1, 0, 1], [0, 1, 0, 0.5, 1, 0, 1]]","[[[0.5], [1, 0], [1, 0], [1, 0], [1]], [[1], [0.5], [0], [1], [0], [1]], [[1], [0.5], [0.5], [1], [1, 0], [1, 0], [1]], [[0], [1, 0, 0.5], [1], [0], [1]]]","[['o', 'ˈlɛɪdi', 'ˈjudɪt', 'ˈʃpʁødɐ', 'ʃats'], ['dʁʏkt', 'dɪç', 'tsu', 'fɛst', 'maɪn', 'aʁm'], ['je', 'tsvaɪ', 'tsu', 'pfeɐt', 'ˈhabɛn', 'ˈʃlɛçtɛn', 'plats'], ['ʊnt', 'ˈvɪntɐˌnaxt', 'vet', 'nɪçt', 'vaʁm']]","[['PROPN', 'PROPN', 'PROPN', 'ADJ', 'NOUN'], ['VERB', 'PRON', 'PART', 'ADV', 'DET', 'ADV'], ['ADV', 'NUM', 'ADP', 'NOUN', 'AUX', 'ADJ', 'NOUN'], ['CCONJ', 'NOUN', 'VERB', 'PART', 'ADV']]"
1,"['hart ist der sitz und knapp und schmal', 'und kalt mein kleid von erz', 'doch kälter und härter als sattel und stahl', 'war gegen mich dein herz']","[[1, 0.5, 0, 1, 0, 1, 0, 1], [0, 1, 0, 1, 0.5, 0.5], [1, 1, 0, 0, 1, 0, 0.5, 1, 0, 0, 1], [0.5, 1, 0, 0.5, 0, 1]]","[[[1], [0.5], [0], [1], [0], [1], [0], [1]], [[0], [1], [0], [1], [0.5], [0.5]], [[1], [1, 0], [0], [1, 0], [0.5], [1, 0], [0], [1]], [[0.5], [1, 0], [0.5], [0], [1]]]","[['haʁt', 'ɪst', 'deɐ', 'zɪts', 'ʊnt', 'knap', 'ʊnt', 'ʃmal'], ['ʊnt', 'kalt', 'maɪn', 'klaɪt', 'fɔn', 'eɐts'], ['dɔx', 'ˈkɛltɐ', 'ʊnt', 'ˈhɛʁtɐ', 'als', 'ˈzatɛl', 'ʊnt', 'ʃtal'], ['vaɐ', 'ˈɡeɡɛn', 'mɪç', 'daɪn', 'hɛʁts']]","[['ADV', 'AUX', 'DET', 'NOUN', 'CCONJ', 'ADV', 'CCONJ', 'ADV'], ['CCONJ', 'ADV', 'DET', 'NOUN', 'ADP', 'PROPN'], ['ADV', 'ADV', 'CCONJ', 'ADV', 'ADP', 'NOUN', 'CCONJ', 'VERB'], ['AUX', 'ADP', 'PRON', 'DET', 'NOUN']]"
2,"['sechs nächte lag ich in sumpf und moor', 'und hab um dich gewacht', 'doch weicher bei sankt görg ichs schwor', 'schlaf ich die siebente nacht']","[[0.5, 1, 0, 1, 0.5, 0.5, 0.5, 0, 0.5], [0, 0.5, 0.5, 0.5, 0, 1], [0, 1, 0, 0.5, 0.5, 0.5, 0.5, 1], [1, 0.5, 0, 1, 0, 0, 1]]","[[[0.5], [1, 0], [1], [0.5], [0.5], [0.5], [0], [0.5]], [[0], [0.5], [0.5], [0.5], [0, 1]], [[0], [1, 0], [0.5], [0.5], [0.5], [0.5], [1]], [[1], [0.5], [0], [1, 0, 0], [1]]]","[['zɛks', 'ˈnɛçtə', 'lak', 'ɪç', 'ɪn', 'zʊmpf', 'ʊnt', 'moɐ'], ['ʊnt', 'hap', 'ʊm', 'dɪç', 'ɡəˈvaxt'], ['dɔx', 'ˈvaɪçɐ', 'baɪ', 'zaŋkt', 'ɡœʁk', 'ɪçs', 'ʃvoɐ'], ['ʃlaf', 'ɪç', 'di', 'ˈzibɛntə', 'naxt']]","[['NUM', 'NOUN', 'VERB', 'PRON', 'ADP', 'PROPN', 'CCONJ', 'PROPN'], ['CCONJ', 'AUX', 'ADP', 'PRON', 'VERB'], ['CCONJ', 'ADV', 'ADP', 'PROPN', 'PROPN', 'PROPN', 'VERB'], ['VERB', 'PRON', 'DET', 'ADJ', 'NOUN']]"
3,"['liebe mutter heut nacht heulte regen und wind', 'ist heute der erste mai liebes kind']","[[1, 0, 1, 0, 1, 1, 1, 0, 1, 0, 0, 1], [0.5, 1, 0, 0, 1, 0, 1, 1, 0, 1]]","[[[1, 0], [1, 0], [1], [1], [1, 0], [1, 0], [0], [1]], [[0.5], [1, 0], [0], [1, 0], [1], [1, 0], [1]]]","[['ˈlibə', 'ˈmʊtɐ', 'hɔɪt', 'naxt', 'ˈhɔɪltə', 'ˈʁeɡɛn', 'ʊnt', 'vɪnt'], ['ɪst', 'ˈhɔɪtə', 'deɐ', 'ˈeɐstə', 'maɪ', 'ˈlibəs', 'kɪnt']]","[['ADJ', 'NOUN', 'ADV', 'NOUN', 'VERB', 'NOUN', 'CCONJ', 'NOUN'], ['AUX', 'ADV', 'DET', 'ADJ', 'NOUN', 'PROPN', 'NOUN']]"
4,"['liebe mutter es donnerte auf dem brocken droben', 'liebes kind es waren die hexen oben']","[[1, 0, 1, 0, 0.5, 1, 0, 0, 0.5, 0, 1, 0, 1, 0], [1, 0, 1, 0.5, 1, 0, 0, 0, 1, 1, 0]]","[[[1, 0], [1, 0], [0.5], [1, 0, 0], [0.5], [0], [1, 0], [1, 0]], [[1, 0], [1], [0.5], [1, 0], [0], [0, 1], [1, 0]]]","[['ˈlibə', 'ˈmʊtɐ', 'ɛs', 'ˈdɔnɐtə', 'aʊf', 'dem', 'ˈbʁɔkɛn', 'ˈdʁobɛn'], ['ˈlibəs', 'kɪnt', 'ɛs', 'ˈvaʁən', 'di', 'hɛˈksen', 'ˈobɛn']]","[['ADJ', 'NOUN', 'PRON', 'VERB', 'ADP', 'DET', 'NOUN', 'ADV'], ['ADJ', 'NOUN', 'PRON', 'AUX', 'DET', 'NOUN', 'ADV']]"
5,"['liebe mutter ich möcht keine hexen sehn', 'liebes kind es ist wohl schon oft geschehn']","[[1, 0, 1, 0, 0.5, 0.5, 1, 0, 0, 1, 1], [1, 0, 1, 0.5, 0.5, 1, 1, 1, 0, 1]]","[[[1, 0], [1, 0], [0.5], [0.5], [1, 0], [0, 1], [1]], [[1, 0], [1], [0.5], [0.5], [1], [1], [1], [0, 1]]]","[['ˈlibə', 'ˈmʊtɐ', 'ɪç', 'mœçt', 'ˈkaɪnə', 'hɛˈksen', 'zen'], ['ˈlibəs', 'kɪnt', 'ɛs', 'ɪst', 'vol', 'ʃon', 'ɔft', 'ɡəˈʃen']]","[['ADJ', 'NOUN', 'PRON', 'AUX', 'DET', 'NOUN', 'NOUN'], ['ADJ', 'NOUN', 'PRON', 'AUX', 'ADV', 'ADV', 'ADV', 'ADV']]"
6,"['liebe mutter ob wohl im dorf hexen sind', 'sie sind dir wohl näher mein liebes kind']","[[1, 0, 1, 0, 0.5, 1, 0.5, 0.5, 0, 1, 0.5], [0.5, 0.5, 0.5, 1, 1, 0, 1, 0, 1]]","[[[1, 0], [1, 0], [0.5], [1], [0.5], [0.5], [0, 1], [0.5]], [[0.5], [0.5], [0.5], [1], [1], [0], [1, 0], [1]]]","[['ˈlibə', 'ˈmʊtɐ', 'ɔp', 'vol', 'ɪm', 'dɔʁf', 'hɛˈksen', 'zɪnt'], ['zi', 'zɪnt', 'diɐ', 'vol', 'ˈnɛɐ', 'maɪn', 'ˈlibəs', 'kɪnt']]","[['ADJ', 'NOUN', 'SCONJ', 'ADV', 'ADP', 'PROPN', 'NOUN', 'AUX'], ['PRON', 'AUX', 'PRON', 'ADV', 'ADV', 'DET', 'ADJ', 'NOUN']]"
7,"['liebe mutter worauf fliegen die hexen zum berg', 'liebes kind auf dem rauche von heissem werg']","[[1, 0, 1, 0, 0, 1, 1, 0, 0, 0, 1, 0.5, 1], [1, 0, 1, 0.5, 0, 1, 0, 0.5, 1, 0, 0.5]]","[[[1, 0], [1, 0], [0, 1], [1, 0], [0], [0, 1], [0.5], [1]], [[1, 0], [1], [0.5], [0], [1, 0], [0.5], [1, 0], [0.5]]]","[['ˈlibə', 'ˈmʊtɐ', 'voˈʁaʊf', 'ˈfliɡɛn', 'di', 'hɛˈksen', 'tsʊm', 'bɛʁk'], ['ˈlibəs', 'kɪnt', 'aʊf', 'dem', 'ˈʁaʊxə', 'fɔn', 'ˈhaɪsɛm', 'vɛʁk']]","[['ADJ', 'NOUN', 'ADV', 'VERB', 'DET', 'NOUN', 'ADP', 'NOUN'], ['ADJ', 'NOUN', 'ADP', 'DET', 'NOUN', 'ADP', 'PROPN', 'PROPN']]"
8,"['liebe mutter worauf reiten die hexen zum spiel', 'liebes kind sie reiten aufnem besenstiel']","[[1, 0, 1, 0, 0, 1, 1, 0, 0, 0, 1, 0.5, 1], [1, 0, 1, 0.5, 1, 0, 1, 0, 1, 0, 0.5]]","[[[1, 0], [1, 0], [0, 1], [1, 0], [0], [0, 1], [0.5], [1]], [[1, 0], [1], [0.5], [1, 0], [1, 0], [1, 0, 0.5]]]","[['ˈlibə', 'ˈmʊtɐ', 'voˈʁaʊf', 'ˈʁaɪtɛn', 'di', 'hɛˈksen', 'tsʊm', 'ʃpil'], ['ˈlibəs', 'kɪnt', 'zi', 'ˈʁaɪtɛn', 'ˈaʊfnem', 'ˈbezɛnˌʃtil']]","[['ADJ', 'NOUN', 'ADV', 'VERB', 'DET', 'NOUN', 'ADP', 'NOUN'], ['ADJ', 'NOUN', 'PRON', 'VERB', 'ADJ', 'NOUN']]"
9,"['liebe mutter ich sah gestern im dorf viel besen', 'es sind auch viel hexen aufm brocken gewesen']","[[1, 0, 1, 0, 0.5, 1, 1, 0, 0.5, 1, 0, 1, 0], [0.5, 0.5, 1, 0, 0, 1, 1, 1, 0, 0, 1, 0]]","[[[1, 0], [1, 0], [0.5], [1], [1, 0], [0.5], [1], [0], [1, 0]], [[0.5], [0.5], [1], [0], [0, 1], [1], [1, 0], [0, 1, 0]]]","[['ˈlibə', 'ˈmʊtɐ', 'ɪç', 'za', 'ˈɡɛstɐn', 'ɪm', 'dɔʁf', 'fil', 'ˈbezɛn'], ['ɛs', 'zɪnt', 'aʊx', 'fil', 'hɛˈksen', 'ˈaʊfm', 'ˈbʁɔkɛn', 'ɡəˈvezɛn']]","[['ADJ', 'NOUN', 'PRON', 'VERB', 'ADV', 'ADP', 'NOUN', 'DET', 'NOUN'], ['PRON', 'AUX', 'ADV', 'DET', 'NOUN', 'PROPN', 'NOUN', 'AUX']]"
10,"['liebe mutter s hat gestern im schornstein geraucht', 'liebes kind es hat einer das werg gebraucht']","[[1, 0, 1, 0, 0, 1, 1, 0.5, 1, 0, 0.5, 1, 0.5, 0, 1], [1, 0, 1, 0.5, 0.5, 1, 0, 0, 1, 0, 1]]","[[[1, 0], [1, 0], [0, 1, 1], [0.5], [1, 0], [0.5], [1, 0.5], [0, 1]], [[1, 0], [1], [0.5], [0.5], [1, 0], [0], [1], [0, 1]]]","[['ˈlibə', 'ˈmʊtɐ', 'ɛsˈʔaˈs', 'hat', 'ˈɡɛstɐn', 'ɪm', 'ˈʃɔʁnˌʃtaɪn', 'ɡəˈʁaʊxt'], ['ˈlibəs', 'kɪnt', 'ɛs', 'hat', 'ˈaɪnɐ', 'das', 'vɛʁk', 'ɡəˈbʁaʊxt']]","[['ADJ', 'NOUN', 'PRON', 'AUX', 'ADV', 'ADP', 'NOUN', 'VERB'], ['ADJ', 'NOUN', 'PRON', 'AUX', 'PRON', 'DET', 'NOUN', 'VERB']]"
11,"['liebe mutter in der nacht war dein besen nicht zu haus', 'liebes kind so war er zum blocksberg hinaus']","[[1, 0, 1, 0, 0.5, 0, 1, 0.5, 0, 1, 0, 0, 0.5, 1], [1, 0, 1, 1, 0.5, 0.5, 0.5, 1, 0, 0, 1]]","[[[1, 0], [1, 0], [0.5], [0], [1], [0.5], [0], [1, 0], [0], [0.5], [1]], [[1, 0], [1], [1], [0.5], [0.5], [0.5], [1, 0], [0, 1]]]","[['ˈlibə', 'ˈmʊtɐ', 'ɪn', 'deɐ', 'naxt', 'vaɐ', 'daɪn', 'ˈbezɛn', 'nɪçt', 'tsu', 'haʊs'], ['ˈlibəs', 'kɪnt', 'zo', 'vaɐ', 'eɐ', 'tsʊm', 'ˈblɔksbɛʁk', 'hɪˈnaʊs']]","[['ADJ', 'NOUN', 'ADP', 'DET', 'NOUN', 'AUX', 'DET', 'NOUN', 'PART', 'ADP', 'NOUN'], ['PROPN', 'NOUN', 'ADV', 'AUX', 'PRON', 'ADP', 'NOUN', 'ADP']]"
12,"['liebe mutter dein bett war leer in der nacht', 'deine mutter hat oben auf dem blocksberg gewacht']","[[1, 0, 1, 0, 0, 1, 0.5, 1, 0.5, 0, 1], [1, 0, 1, 0, 0.5, 1, 0, 0.5, 0, 1, 0, 0, 1]]","[[[1, 0], [1, 0], [0], [1], [0.5], [1], [0.5], [0], [1]], [[1, 0], [1, 0], [0.5], [1, 0], [0.5], [0], [1, 0], [0, 1]]]","[['ˈlibə', 'ˈmʊtɐ', 'daɪn', 'bɛt', 'vaɐ', 'leɐ', 'ɪn', 'deɐ', 'naxt'], ['ˈdaɪnə', 'ˈmʊtɐ', 'hat', 'ˈobɛn', 'aʊf', 'dem', 'ˈblɔksbɛʁk', 'ɡəˈvaxt']]","[['ADJ', 'NOUN', 'DET', 'NOUN', 'AUX', 'ADV', 'ADP', 'DET', 'NOUN'], ['DET', 'NOUN', 'AUX', 'ADV', 'ADP', 'DET', 'NOUN', 'VERB']]"
13,"['du starker tod führ mich hinan', 'zum geisterlande droben', 'die mir von gott gewiesne bahn', 'zog ich die stirn erhoben', 'was ich gegeben gott war dein', 'mein reichthum war mein träumen', 'nur wenig that ich  sang darein', 'wie vöglein auf den bäumen']","[[0.5, 1, 0, 1, 1, 0.5, 0, 1], [0.5, 1, 0, 0.5, 0, 1, 0], [0, 0.5, 0.5, 1, 0, 1, 0, 0.5], [1, 0.5, 0, 1, 0, 1, 0], [0.5, 0.5, 0, 1, 0, 1, 0.5, 0], [0, 1, 0, 0.5, 0, 1, 0], [1, 1, 0, 0.5, 0.5, 1, 0, 1], [0.5, 1, 0, 0.5, 0, 1, 0]]","[[[0.5], [1, 0], [1], [1], [0.5], [0, 1]], [[0.5], [1, 0, 0.5, 0], [1, 0]], [[0], [0.5], [0.5], [1], [0, 1, 0], [0.5]], [[1], [0.5], [0], [1], [0, 1, 0]], [[0.5], [0.5], [0, 1, 0], [1], [0.5], [0]], [[0], [1, 0], [0.5], [0], [1, 0]], [[1], [1, 0], [0.5], [0.5], [1], [0, 1]], [[0.5], [1, 0], [0.5], [0], [1, 0]]]","[['du', 'ˈʃtaʁkɐ', 'tot', 'fyɐ', 'mɪç', 'hɪˈnan'], ['tsʊm', 'ˈɡaɪstɐˌlandə', 'ˈdʁobɛn'], ['di', 'miɐ', 'fɔn', 'ɡɔt', 'ɡəˈvisnə', 'ban'], ['tsok', 'ɪç', 'di', 'ʃtɪʁn', 'ɛɐˈhobɛn'], ['vas', 'ɪç', 'ɡəˈɡebɛn', 'ɡɔt', 'vaɐ', 'daɪn'], ['maɪn', 'ˈʁaɪçthum', 'vaɐ', 'maɪn', 'ˈtʁɔɪmən'], ['nuɐ', 'ˈvenɪç', 'tat', 'ɪç', 'zaŋ', 'daˈʁaɪn'], ['vi', 'ˈføɡlaɪn', 'aʊf', 'den', 'ˈbɔɪmən']]","[['PRON', 'ADJ', 'NOUN', 'VERB', 'PRON', 'ADV'], ['ADP', 'ADJ', 'NOUN'], ['DET', 'PRON', 'ADP', 'NOUN', 'PROPN', 'PROPN'], ['VERB', 'PRON', 'DET', 'NOUN', 'VERB'], ['PRON', 'PRON', 'VERB', 'NOUN', 'AUX', 'DET'], ['DET', 'ADV', 'AUX', 'DET', 'NOUN'], ['ADV', 'DET', 'X', 'PRON', 'VERB', 'ADV'], ['ADP', 'PROPN', 'ADP', 'DET', 'NOUN']]"
14,"['leb wohl du rose frisch und roth', 'lebt wohl ihr meine lieben', 'führ mich hinan du starker tod', 'obgleich ich gern geblieben', 'hab dank o gott für all dein gut', 'für alle künftgen zeiten ', 'nun stürme tod durch zeitenfluth', 'zu ewgen sommerfreuden']","[[0.5, 1, 0.5, 1, 0, 1, 0, 0.5], [1, 1, 0.5, 1, 0, 1, 0], [1, 0.5, 0, 1, 0.5, 1, 0, 1], [0, 1, 0.5, 1, 0, 1, 0], [0.5, 0.5, 0.5, 1, 0.5, 0, 0, 1], [0.5, 1, 0, 1, 0, 1, 0], [1, 1, 0, 1, 0.5, 1, 0, 0.5], [0.5, 1, 0, 1, 0, 0.5, 0]]","[[[0.5], [1], [0.5], [1, 0], [1], [0], [0.5]], [[1], [1], [0.5], [1, 0], [1, 0]], [[1], [0.5], [0, 1], [0.5], [1, 0], [1]], [[0, 1], [0.5], [1], [0, 1, 0]], [[0.5], [0.5], [0.5], [1], [0.5], [0], [0], [1]], [[0.5], [1, 0], [1, 0], [1, 0]], [[1], [1, 0], [1], [0.5], [1, 0, 0.5]], [[0.5], [1, 0], [1, 0, 0.5, 0]]]","[['lep', 'vol', 'du', 'ˈʁozə', 'fʁɪʃ', 'ʊnt', 'ʁot'], ['lept', 'vol', 'iɐ', 'ˈmaɪnə', 'ˈlibɛn'], ['fyɐ', 'mɪç', 'hɪˈnan', 'du', 'ˈʃtaʁkɐ', 'tot'], ['ɔpˈɡlaɪç', 'ɪç', 'ɡɛʁn', 'ɡəˈblibɛn'], ['hap', 'daŋk', 'o', 'ɡɔt', 'fyɐ', 'al', 'daɪn', 'ɡut'], ['fyɐ', 'ˈalə', 'ˈkʏnftɡɛn', 'ˈtsaɪtən'], ['nun', 'ˈʃtʏʁmə', 'tot', 'dʊʁç', 'ˈtsaɪtɛnˌflut'], ['tsu', 'ˈeɡɛn', 'ˈzɔmɐˌfʁɔɪdɛn']]","[['PROPN', 'ADV', 'PRON', 'PROPN', 'ADV', 'CCONJ', 'PROPN'], ['VERB', 'ADV', 'PRON', 'DET', 'VERB'], ['VERB', 'PRON', 'ADV', 'PRON', 'ADJ', 'NOUN'], ['SCONJ', 'PRON', 'ADV', 'VERB'], ['AUX', 'ADP', 'PROPN', 'NOUN', 'ADP', 'DET', 'DET', 'ADV'], ['ADP', 'DET', 'ADJ', 'NOUN'], ['ADV', 'NOUN', 'NOUN', 'ADP', 'PROPN'], ['ADP', 'NOUN', 'NOUN']]"
15,"['im städtchen giebt es des jubels viel', 'da halten sie hochzeit mit tanz und mit spiel', 'den fröhlichen blinket der wein so roth', 'die braut nur gleicht dem getünchten tod']","[[0.5, 1, 0, 1, 0.5, 0, 1, 0, 1], [1, 1, 0, 0.5, 1, 0.5, 0.5, 1, 0, 0.5, 1], [0, 1, 0, 0, 1, 0, 0, 1, 1, 0.5], [0, 1, 1, 1, 0, 0, 1, 0, 1]]","[[[0.5], [1, 0], [1], [0.5], [0], [1, 0], [1]], [[1], [1, 0], [0.5], [1, 0.5], [0.5], [1], [0], [0.5], [1]], [[0], [1, 0, 0], [1, 0], [0], [1], [1], [0.5]], [[0], [1], [1], [1], [0], [0, 1, 0], [1]]]","[['ɪm', 'ˈʃtɛtçən', 'ɡipt', 'ɛs', 'dɛs', 'ˈjubɛls', 'fil'], ['da', 'ˈhaltɛn', 'zi', 'ˈhɔxˌtsaɪt', 'mɪt', 'tants', 'ʊnt', 'mɪt', 'ʃpil'], ['den', 'ˈfʁølɪçɛn', 'ˈblɪŋkət', 'deɐ', 'vaɪn', 'zo', 'ʁot'], ['di', 'bʁaʊt', 'nuɐ', 'ɡlaɪçt', 'dem', 'ɡəˈtʏnçtɛn', 'tot']]","[['ADP', 'NOUN', 'VERB', 'PRON', 'DET', 'NOUN', 'ADV'], ['ADV', 'VERB', 'PRON', 'NOUN', 'ADP', 'NOUN', 'CCONJ', 'ADP', 'NOUN'], ['DET', 'ADJ', 'NOUN', 'DET', 'NOUN', 'ADV', 'PROPN'], ['DET', 'NOUN', 'ADV', 'VERB', 'DET', 'ADJ', 'NOUN']]"
16,"['ja todt für den den nicht sie vergißt', 'der doch beim fest nicht bräutigam ist', 'da steht er inmitten der gäste im krug', 'und streichet die geige lustig genug']","[[1, 1, 0.5, 0, 0.5, 0, 0.5, 0, 1], [0, 1, 0.5, 1, 0, 1, 0, 0, 0.5], [1, 1, 0.5, 0, 1, 0, 0, 1, 0, 0.5, 1], [0, 1, 0, 0, 1, 0, 1, 0, 0, 1]]","[[[1], [1], [0.5], [0], [0.5], [0], [0.5], [0, 1]], [[0], [1], [0.5], [1], [0], [1, 0, 0], [0.5]], [[1], [1], [0.5], [0, 1, 0], [0], [1, 0], [0.5], [1]], [[0], [1, 0], [0], [1, 0], [1, 0], [0, 1]]]","[['ja', 'tot', 'fyɐ', 'den', 'den', 'nɪçt', 'zi', 'fɛɐˈɡɪst'], ['deɐ', 'dɔx', 'baɪm', 'fɛst', 'nɪçt', 'ˈbʁɔɪtɪɡam', 'ɪst'], ['da', 'ʃtet', 'eɐ', 'ɪnˈmɪtɛn', 'deɐ', 'ˈɡɛstə', 'ɪm', 'kʁuk'], ['ʊnt', 'ˈʃtʁaɪçət', 'di', 'ˈɡaɪɡə', 'ˈlʊstɪç', 'ɡəˈnuk']]","[['ADV', 'ADV', 'ADP', 'DET', 'PRON', 'PART', 'PRON', 'VERB'], ['DET', 'ADV', 'ADP', 'ADV', 'PART', 'PROPN', 'AUX'], ['ADV', 'VERB', 'PRON', 'ADP', 'DET', 'NOUN', 'ADP', 'NOUN'], ['CCONJ', 'NOUN', 'DET', 'NOUN', 'ADV', 'ADV']]"
17,"['er streichet die geige sein haar ergraut', 'es springen die saiten gellend und laut', 'er drückt sie ans herz und achtet es nicht', 'ob auch sie in tausend stücke zerbricht']","[[0.5, 1, 0, 0, 1, 0, 0, 1, 0, 1], [0.5, 1, 0, 0, 1, 0, 1, 0, 0, 1], [0.5, 1, 0.5, 0.5, 1, 0, 1, 0, 0.5, 0], [0.5, 1, 0.5, 0.5, 1, 0, 1, 0, 0, 1]]","[[[0.5], [1, 0], [0], [1, 0], [0], [1], [0, 1]], [[0.5], [1, 0], [0], [1, 0], [1, 0], [0], [1]], [[0.5], [1], [0.5], [0.5], [1], [0], [1, 0], [0.5], [0]], [[0.5], [1], [0.5], [0.5], [1, 0], [1, 0], [0, 1]]]","[['eɐ', 'ˈʃtʁaɪçət', 'di', 'ˈɡaɪɡə', 'zaɪn', 'haɐ', 'ɛɐˈɡʁaʊt'], ['ɛs', 'ˈʃpʁɪŋən', 'di', 'ˈzaɪtɛn', 'ˈɡɛlənt', 'ʊnt', 'laʊt'], ['eɐ', 'dʁʏkt', 'zi', 'ans', 'hɛʁts', 'ʊnt', 'ˈaxtət', 'ɛs', 'nɪçt'], ['ɔp', 'aʊx', 'zi', 'ɪn', 'ˈtaʊzɛnt', 'ˈʃtʏkə', 'tsɛɐˈbʁɪçt']]","[['PRON', 'PROPN', 'DET', 'NOUN', 'DET', 'NOUN', 'VERB'], ['PRON', 'VERB', 'DET', 'NOUN', 'ADV', 'CCONJ', 'ADV'], ['PRON', 'VERB', 'PRON', 'ADP', 'NOUN', 'CCONJ', 'VERB', 'PRON', 'PART'], ['SCONJ', 'ADV', 'PRON', 'ADP', 'NUM', 'NOUN', 'VERB']]"
18,"['es ist gar grausig wenn einer so stirbt', 'wann jung sein herz um freude noch wirbt', 'ich mag und will nicht länger es sehn ', 'das möchte den kopf mir schwindelnd verdrehn']","[[0.5, 0.5, 1, 1, 0, 0.5, 1, 0, 1, 1], [1, 1, 0, 1, 0.5, 1, 0, 0, 1], [0.5, 1, 0, 0.5, 0, 1, 0, 0.5, 1], [0.5, 1, 0, 0, 1, 0.5, 1, 0, 0, 1]]","[[[0.5], [0.5], [1], [1, 0], [0.5], [1, 0], [1], [1]], [[1], [1], [0], [1], [0.5], [1, 0], [0], [1]], [[0.5], [1], [0], [0.5], [0], [1, 0], [0.5], [1]], [[0.5], [1, 0], [0], [1], [0.5], [1, 0], [0, 1]]]","[['ɛs', 'ɪst', 'ɡaɐ', 'ˈɡʁaʊzɪç', 'vɛn', 'ˈaɪnɐ', 'zo', 'ʃtɪʁpt'], ['van', 'jʊŋ', 'zaɪn', 'hɛʁts', 'ʊm', 'ˈfʁɔɪdə', 'nɔx', 'vɪʁpt'], ['ɪç', 'mak', 'ʊnt', 'vɪl', 'nɪçt', 'ˈlɛŋɐ', 'ɛs', 'zen'], ['das', 'ˈmœçtə', 'den', 'kɔpf', 'miɐ', 'ˈʃvɪndɛlnt', 'fɛɐˈdʁen']]","[['PRON', 'AUX', 'ADV', 'ADV', 'ADP', 'PRON', 'ADV', 'VERB'], ['ADV', 'ADV', 'DET', 'NOUN', 'ADP', 'NOUN', 'CCONJ', 'VERB'], ['PRON', 'VERB', 'CCONJ', 'AUX', 'PART', 'ADV', 'PRON', 'VERB'], ['PRON', 'AUX', 'DET', 'NOUN', 'PRON', 'ADV', 'PROPN']]"
19,"['wer heißt euch mit fingern zeigen auf mich', 'o gott bewahr uns gnädiglich', 'daß keinen der wahnsinn übermannt ', 'bin selber ein armer musikant']","[[0.5, 1, 0.5, 0.5, 1, 0, 1, 0, 0.5, 0.5], [0.5, 1, 0, 1, 0.5, 1, 0, 0], [0.5, 1, 0, 0, 1, 0, 0, 0, 1], [0.5, 1, 0, 0, 1, 0, 0, 0, 1]]","[[[0.5], [1], [0.5], [0.5], [1, 0], [1, 0], [0.5], [0.5]], [[0.5], [1], [0, 1], [0.5], [1, 0, 0]], [[0.5], [1, 0], [0], [1, 0], [0, 0, 1]], [[0.5], [1, 0], [0], [1, 0], [0, 0, 1]]]","[['veɐ', 'haɪst', 'ɔɪç', 'mɪt', 'ˈfɪŋɐn', 'ˈtsaɪɡɛn', 'aʊf', 'mɪç'], ['o', 'ɡɔt', 'bəˈvaɐ', 'ʊns', 'ˈɡnɛdɪklɪç'], ['das', 'ˈkaɪnən', 'deɐ', 'ˈvanzɪn', 'ybɐˈmant'], ['bɪn', 'ˈzɛlbɐ', 'aɪn', 'ˈaʁmɐ', 'muziˈkant']]","[['PRON', 'VERB', 'PRON', 'ADP', 'NOUN', 'VERB', 'ADP', 'PRON'], ['X', 'NOUN', 'ADV', 'PRON', 'ADV'], ['SCONJ', 'PRON', 'DET', 'NOUN', 'VERB'], ['AUX', 'ADV', 'DET', 'ADJ', 'NOUN']]"
20,"['stirne eine feste wand', 'da logirt der herr verstand', 'der wird lernen und studiren', 'daß sie einst dich respectiren', 'vornehm sitzt er in dem hirn', 'hinter dieser hohen stirn']","[[1, 0, 1, 0, 1, 0, 1], [1, 1, 0, 0, 1, 0, 1], [0.5, 0.5, 1, 0, 0, 0, 1, 0], [0.5, 0.5, 1, 0.5, 0, 0, 1, 0], [1, 0.5, 1, 0.5, 0.5, 0, 1], [1, 0, 1, 0, 1, 0, 1]]","[[[1, 0], [1, 0], [1, 0], [1]], [[1], [1, 0], [0], [1], [0, 1]], [[0.5], [0.5], [1, 0], [0], [0, 1, 0]], [[0.5], [0.5], [1], [0.5], [0, 0, 1, 0]], [[1, 0.5], [1], [0.5], [0.5], [0], [1]], [[1, 0], [1, 0], [1, 0], [1]]]","[['ˈʃtɪʁnə', 'ˈaɪnə', 'ˈfɛstə', 'vant'], ['da', 'ˈloɡɪʁt', 'deɐ', 'hɛʁ', 'fɛɐˈʃtant'], ['deɐ', 'vɪʁt', 'ˈlɛʁnən', 'ʊnt', 'ʃtuˈdiʁən'], ['das', 'zi', 'aɪnst', 'dɪç', 'ʁespɛkˈtiʁən'], ['ˈfoɐˌnem', 'zɪtst', 'eɐ', 'ɪn', 'dem', 'hɪʁn'], ['ˈhɪntɐ', 'ˈdizɐ', 'ˈhoən', 'ʃtɪʁn']]","[['NOUN', 'DET', 'ADJ', 'NOUN'], ['ADV', 'NOUN', 'DET', 'NOUN', 'VERB'], ['PRON', 'AUX', 'VERB', 'CCONJ', 'VERB'], ['SCONJ', 'PRON', 'ADV', 'PRON', 'NOUN'], ['ADV', 'VERB', 'PRON', 'ADP', 'DET', 'NOUN'], ['ADP', 'DET', 'ADJ', 'NOUN']]"
21,"['augenstern wie hell und klar', 'zweie glaub ich hast du gar', 'heller unter deiner braue', 'blickst du jetzt bei gott ich schaue', 'tief dir in des herzens kern', 'du mein süßer augenstern']","[[1, 0, 0.5, 0.5, 1, 0, 1], [1, 0, 1, 0.5, 0.5, 0.5, 1], [1, 0, 1, 0, 1, 0, 1, 0], [1, 0.5, 1, 0.5, 1, 0.5, 0, 0], [1, 0.5, 0.5, 0, 1, 0, 1], [0.5, 0, 1, 0, 1, 0, 0.5]]","[[[1, 0, 0.5], [0.5], [1], [0], [1]], [[1, 0], [1], [0.5], [0.5], [0.5], [1]], [[1, 0], [1, 0], [1, 0], [1, 0]], [[1], [0.5], [1], [0.5], [1], [0.5], [0, 0]], [[1], [0.5], [0.5], [0], [1, 0], [1]], [[0.5], [0], [1, 0], [1, 0, 0.5]]]","[['ˈaʊɡɛnˌʃtɛʁn', 'vi', 'hɛl', 'ʊnt', 'klaɐ'], ['ˈtsvaɪə', 'ɡlaʊp', 'ɪç', 'hast', 'du', 'ɡaɐ'], ['ˈhɛlɐ', 'ˈʊntɐ', 'ˈdaɪnɐ', 'ˈbʁaʊə'], ['blɪkst', 'du', 'jɛtst', 'baɪ', 'ɡɔt', 'ɪç', 'ʃaʊə'], ['tif', 'diɐ', 'ɪn', 'dɛs', 'ˈhɛʁtsɛns', 'kɛʁn'], ['du', 'maɪn', 'ˈzyzɐ', 'ˈaʊɡɛnˌʃtɛʁn']]","[['NOUN', 'ADP', 'ADV', 'CCONJ', 'ADV'], ['ADJ', 'NOUN', 'PRON', 'AUX', 'PRON', 'ADV'], ['PROPN', 'ADP', 'DET', 'NOUN'], ['VERB', 'PRON', 'ADV', 'ADP', 'NOUN', 'PRON', 'VERB'], ['ADV', 'PRON', 'ADP', 'DET', 'NOUN', 'NOUN'], ['PRON', 'DET', 'ADJ', 'NOUN']]"
22,"['nasengipfel rößlein fein', 'brille soll der reiter sein', 'weiß die brille nicht die straße', 'folgt sie ganz getrost der nase', 'ei welch kleiner runder schnüpfel', 'unser roß heißt nasengipfel']","[[1, 0, 0.5, 0, 1, 0, 1], [1, 0, 0.5, 0, 1, 0, 0.5], [1, 0, 1, 0, 0, 0, 1, 0], [1, 0.5, 1, 0, 1, 0, 1, 0], [0.5, 0, 1, 0, 1, 0, 1, 0], [1, 0, 0.5, 1, 1, 0, 0.5, 0]]","[[[1, 0, 0.5, 0], [1, 0], [1]], [[1, 0], [0.5], [0], [1, 0], [0.5]], [[1], [0], [1, 0], [0], [0], [1, 0]], [[1], [0.5], [1], [0, 1], [0], [1, 0]], [[0.5], [0], [1, 0], [1, 0], [1, 0]], [[1, 0], [0.5], [1], [1, 0, 0.5, 0]]]","[['ˈɛnaznˌɡɪpfɛl', 'ˈʁøslaɪn', 'faɪn'], ['ˈbʁɪlə', 'zɔl', 'deɐ', 'ˈʁaɪtɐ', 'zaɪn'], ['vaɪs', 'di', 'ˈbʁɪlə', 'nɪçt', 'di', 'ˈʃtʁazə'], ['fɔlkt', 'zi', 'ɡants', 'ɡəˈtʁost', 'deɐ', 'ˈnazə'], ['aɪ', 'vɛlç', 'ˈklaɪnɐ', 'ˈʁʊndɐ', 'ˈʃnʏpfɛl'], ['ˈʊnzɐ', 'ʁɔs', 'haɪst', 'ˈɛnaznˌɡɪpfɛl']]","[['NOUN', 'PROPN', 'ADV'], ['NOUN', 'AUX', 'DET', 'NOUN', 'AUX'], ['VERB', 'DET', 'NOUN', 'PART', 'DET', 'NOUN'], ['VERB', 'PRON', 'ADV', 'ADV', 'DET', 'NOUN'], ['X', 'DET', 'ADJ', 'ADJ', 'NOUN'], ['DET', 'PROPN', 'VERB', 'PROPN']]"
23,"['mäulchen wie ein kirschenpaar', 'du bist frisch und süß nicht wahr', 'ists gewiß auch daß die weißen', 'schelmenzähnchen mich nicht beißen', 'kleiner gieb ein küßchen mir', 'wipp ich stehls vom mäulchen dir']","[[1, 0, 0.5, 0, 1, 0, 0.5], [0.5, 0.5, 1, 0, 1, 0, 1], [0.5, 0, 1, 1, 0.5, 0, 1, 0], [1, 0, 0.5, 0, 0.5, 0, 1, 0], [1, 0, 1, 0, 1, 0, 0.5], [1, 0.5, 0.5, 0.5, 1, 0, 0.5]]","[[[1, 0], [0.5], [0], [1, 0, 0.5]], [[0.5], [0.5], [1], [0], [1], [0], [1]], [[0.5], [0, 1], [1], [0.5], [0], [1, 0]], [[1, 0, 0.5, 0], [0.5], [0], [1, 0]], [[1, 0], [1], [0], [1, 0], [0.5]], [[1], [0.5], [0.5], [0.5], [1, 0], [0.5]]]","[['ˈmɔɪlçən', 'vi', 'aɪn', 'ˈkɪʁʃɛnˌpaɐ'], ['du', 'bɪst', 'fʁɪʃ', 'ʊnt', 'zys', 'nɪçt', 'vaɐ'], ['ɪsts', 'ɡəˈvis', 'aʊx', 'das', 'di', 'ˈvaɪzɛn'], ['ˈʃɛlmənˌtsɛnçən', 'mɪç', 'nɪçt', 'ˈbaɪzɛn'], ['ˈklaɪnɐ', 'ɡip', 'aɪn', 'ˈkʏʃɛn', 'miɐ'], ['vɪp', 'ɪç', 'ʃtels', 'fɔm', 'ˈmɔɪlçən', 'diɐ']]","[['NOUN', 'ADP', 'DET', 'NOUN'], ['PRON', 'AUX', 'ADV', 'CCONJ', 'ADV', 'PART', 'ADV'], ['AUX', 'ADV', 'ADV', 'SCONJ', 'DET', 'ADJ'], ['VERB', 'PRON', 'PART', 'VERB'], ['ADJ', 'NOUN', 'DET', 'NOUN', 'PRON'], ['VERB', 'PRON', 'PROPN', 'ADP', 'ADJ', 'PRON']]"
24,"['kinn du zipfel angesetzt', 'ans gesicht du kommst zuletzt', 'doch ein schelm  muß ich gewahren ', 'kommt im grübchen da gefahren', 'flugs gehts übern nasengipfel', 'mäulchen zu des kinnes zipfel']","[[1, 0.5, 1, 0, 1, 0, 0.5], [0.5, 0, 1, 0.5, 1, 0, 1], [1, 0, 0.5, 0.5, 0.5, 0, 1, 0], [1, 0.5, 1, 0, 1, 0, 1, 0], [1, 0.5, 1, 0, 1, 0, 0.5, 0], [1, 0, 0.5, 0, 1, 0, 1, 0]]","[[[1], [0.5], [1, 0], [1, 0, 0.5]], [[0.5], [0, 1], [0.5], [1], [0, 1]], [[1], [0], [0.5], [0.5], [0.5], [0, 1, 0]], [[1], [0.5], [1, 0], [1], [0, 1, 0]], [[1], [0.5], [1, 0], [1, 0, 0.5, 0]], [[1, 0], [0.5], [0], [1, 0], [1, 0]]]","[['kɪn', 'du', 'ˈtsɪpfɛl', 'ˈanɡəˌzɛtst'], ['ans', 'ɡəˈzɪçt', 'du', 'kɔmst', 'tsuˈlɛtst'], ['dɔx', 'aɪn', 'ʃɛlm', 'mus', 'ɪç', 'ɡəˈvaʁən'], ['kɔmt', 'ɪm', 'ˈɡʁypçən', 'da', 'ɡəˈfaʁən'], ['flʊks', 'ɡets', 'ˈybɐn', 'ˈɛnaznˌɡɪpfɛl'], ['ˈmɔɪlçən', 'tsu', 'dɛs', 'ˈkɪnəs', 'ˈtsɪpfɛl']]","[['NOUN', 'PRON', 'NOUN', 'VERB'], ['ADP', 'NOUN', 'PRON', 'VERB', 'ADV'], ['ADV', 'DET', 'PROPN', 'AUX', 'PRON', 'VERB'], ['VERB', 'ADP', 'NOUN', 'ADV', 'VERB'], ['ADV', 'PROPN', 'ADP', 'NOUN'], ['NOUN', 'ADP', 'DET', 'NOUN', 'NOUN']]"
25,"['krible krable krible will', 'wohl der kleine sitzen still', 'soll ich nicht den wicht entdecken', 'der sich will da drin verstecken', 'siehst du daß ich jetzt ihn hab', 'krible krable krible krabb']","[[1, 0, 1, 0, 1, 0, 0.5], [1, 0, 1, 0, 1, 0, 1], [0.5, 0.5, 0, 0, 1, 0, 1, 0], [0.5, 0.5, 0.5, 1, 1, 0, 1, 0], [1, 0.5, 0.5, 0.5, 1, 0.5, 0.5], [1, 0, 1, 0, 1, 0, 0.5]]","[[[1, 0], [1, 0], [1, 0], [0.5]], [[1], [0], [1, 0], [1, 0], [1]], [[0.5], [0.5], [0], [0], [1], [0, 1, 0]], [[0.5], [0.5], [0.5], [1], [1], [0, 1, 0]], [[1], [0.5], [0.5], [0.5], [1], [0.5], [0.5]], [[1, 0], [1, 0], [1, 0], [0.5]]]","[['ˈkʁiblə', 'ˈkʁablə', 'ˈkʁiblə', 'vɪl'], ['vol', 'deɐ', 'ˈklaɪnə', 'ˈzɪtsɛn', 'ʃtɪl'], ['zɔl', 'ɪç', 'nɪçt', 'den', 'vɪçt', 'ɛntˈdɛkɛn'], ['deɐ', 'zɪç', 'vɪl', 'da', 'dʁɪn', 'fɛɐˈʃtɛkɛn'], ['zist', 'du', 'das', 'ɪç', 'jɛtst', 'in', 'hap'], ['ˈkʁiblə', 'ˈkʁablə', 'ˈkʁiblə', 'kʁap']]","[['ADJ', 'NOUN', 'NOUN', 'AUX'], ['ADV', 'DET', 'ADJ', 'VERB', 'ADV'], ['AUX', 'PRON', 'PART', 'DET', 'NOUN', 'VERB'], ['PRON', 'PRON', 'AUX', 'ADV', 'ADV', 'VERB'], ['VERB', 'PRON', 'SCONJ', 'PRON', 'ADV', 'PRON', 'AUX'], ['ADJ', 'ADJ', 'ADJ', 'PROPN']]"
26,"['das gothisch alte kronburg erglänzt im mondenlicht', 'am festungswalle schäumend die dunkle fluth sich bricht']","[[0, 1, 0, 1, 0, 1, 0, 0, 1, 0.5, 1, 0, 0.5], [0.5, 1, 0, 0.5, 0, 1, 0, 0, 1, 0, 0.5, 0.5, 1]]","[[[0], [1, 0], [1, 0], [1, 0], [0, 1], [0.5], [1, 0, 0.5]], [[0.5], [1, 0, 0.5, 0], [1, 0], [0], [1, 0], [0.5], [0.5], [1]]]","[['das', 'ˈɡotɪʃ', 'ˈaltə', 'ˈkʁonbʊʁk', 'ɛɐˈɡlɛntst', 'ɪm', 'ˈmondɛnˌlɪçt'], ['am', 'ˈfɛstʊŋsˌvalə', 'ˈʃɔɪmənt', 'di', 'ˈdʊŋklə', 'flut', 'zɪç', 'bʁɪçt']]","[['DET', 'ADV', 'ADJ', 'NOUN', 'NOUN', 'ADP', 'NOUN'], ['ADP', 'NOUN', 'ADV', 'DET', 'ADJ', 'PROPN', 'PRON', 'VERB']]"
27,"['wie schwäne gleiten schiffe hin auf des sundes well', 'von helsingborg her schimmert einsam ein lichtstrahl hell']","[[0.5, 1, 0, 1, 0, 1, 0, 1, 0.5, 0, 1, 0, 0.5], [0.5, 1, 0, 0.5, 0.5, 1, 0, 1, 0, 0, 1, 0.5, 1]]","[[[0.5], [1, 0], [1, 0], [1, 0], [1], [0.5], [0], [1, 0], [0.5]], [[0.5], [1, 0, 0.5], [0.5], [1, 0], [1, 0], [0], [1, 0.5], [1]]]","[['vi', 'ˈʃvɛnə', 'ˈɡlaɪtɛn', 'ˈʃɪfə', 'hɪn', 'aʊf', 'dɛs', 'ˈzʊndəs', 'vɛl'], ['fɔn', 'ˈhɛlzɪŋˌbɔʁk', 'heɐ', 'ˈʃɪmɐt', 'ˈaɪnzam', 'aɪn', 'ˈlɪçtˌʃtʁal', 'hɛl']]","[['ADP', 'NOUN', 'VERB', 'NOUN', 'ADV', 'ADP', 'DET', 'X', 'X'], ['ADP', 'PROPN', 'ADP', 'VERB', 'ADV', 'DET', 'NOUN', 'ADV']]"
28,"['still schlummert dänmarks küste in ihrer wälderpracht', 'doch pechschwarz ragt der kullen in sternenheller nacht']","[[1, 1, 0, 1, 0.5, 1, 0, 0.5, 1, 0, 1, 0, 0.5], [0, 1, 1, 1, 0, 1, 0, 0.5, 1, 0, 0.5, 0, 1]]","[[[1], [1, 0], [1, 0.5], [1, 0], [0.5], [1, 0], [1, 0, 0.5]], [[0], [1, 1], [1], [0], [1, 0], [0.5], [1, 0, 0.5, 0], [1]]]","[['ʃtɪl', 'ˈʃlʊmɐt', 'ˈdɛnˌmaʁks', 'ˈkʏstə', 'ɪn', 'ˈiʁɐ', 'ˈvɛldɐˌpʁaxt'], ['dɔx', 'ˈpɛçˈʃvaʁts', 'ʁakt', 'deɐ', 'ˈkʊlən', 'ɪn', 'ˈʃtɛʁnənˌhɛlɐ', 'naxt']]","[['ADV', 'VERB', 'PROPN', 'NOUN', 'ADP', 'DET', 'NOUN'], ['CCONJ', 'ADV', 'VERB', 'DET', 'NOUN', 'ADP', 'PROPN', 'NOUN']]"
29,"['in kronburg klingen becher im alten rittersaal', 'ein freundeskreis vereinte sich hier zum frohen mahl']","[[0.5, 1, 0, 1, 0, 1, 0, 0.5, 1, 0, 1, 0, 0.5], [0, 1, 0, 0.5, 0, 1, 0, 0.5, 1, 0.5, 1, 0, 1]]","[[[0.5], [1, 0], [1, 0], [1, 0], [0.5], [1, 0], [1, 0, 0.5]], [[0], [1, 0, 0.5], [0, 1, 0], [0.5], [1], [0.5], [1, 0], [1]]]","[['ɪn', 'ˈkʁonbʊʁk', 'ˈklɪŋən', 'ˈbɛçɐ', 'ɪm', 'ˈaltɛn', 'ˈʁɪtɐˌzal'], ['aɪn', 'ˈfʁɔɪndəsˌkʁaɪs', 'fɛɐˈʔaɪntə', 'zɪç', 'hiɐ', 'tsʊm', 'ˈfʁoən', 'mal']]","[['ADP', 'PROPN', 'VERB', 'NOUN', 'ADP', 'ADJ', 'NOUN'], ['DET', 'NOUN', 'VERB', 'PRON', 'ADV', 'ADP', 'ADJ', 'NOUN']]"
