word1,word2,rhyme
goß,aufgethan,0
weiht,speit,1
trefflichkeit,pendeluhr,0
prangst,decken,0
bösen,lösen,1
fragen,ausgeschlagen,1
lustberauscht,blühn,0
cytheren,hüten,0
hinein,sein,1
todesblocke,scherz,0
spähn,gewühl,0
hin,theur,0
boden,todten,1
ach,leeres,0
harmonie,spiegelwelle,0
strand,apenninenwand,1
drang,umfassen,0
verstande,genoß,0
genius,genuß,1
dichter,lichter,1
munde,todtenchor,0
nur,zugeschworen,0
gehn,kauf,0
gefilde,natur,0
grabeshöhle,todesriegeln,0
kreist,geist,1
baum,sagen,0
redlichen,leidenden,1
verneinet,erweinet,1
verzweiflungswahn,morgenrose,0
spielen,auferstehn,0
ihr,schmerzen,0
schufen,drang,0
mich,reize,0
blumenspur,nicht,0
feder,räder,1
nacht,zaubermacht,1
aus,treiben,0
wehn,feuerspiegel,0
süß,paradies,1
auferstehn,gehn,1
verwandter,verbannter,1
morgenkeime,lustberauscht,0
mütterlich,gaben,0
sterne,schauerlich,0
todten,piloten,1
schwimmt,lichten,0
umher,sternenleer,1
natur,fliegen,0
werden,schöpferfluß,0
verdamme,haus,0
gelesen,durchweben,1
zeit,seher,0
betrüben,lieben,1
jungen,glanz,0
enge,dann,0
seligkeit,natur,0
stein,hain,1
klage,freudengelage,1
mann,nach,0
floß,goß,1
riechen,kriechen,1
kronen,feind,0
abgetragen,ausgeschlagen,1
gebeinen,weinen,1
mai,entzwei,1
wein,sein,1
welt,sternenzelt,1
sei,entzwei,1
paradies,tyrannenwehre,0
denker,ziele,0
wein,ein,1
haben,geschlecht,0
hochveraltet,werken,0
himmeln,sonnen,0
pfühl,gefühl,1
haar,festen,0
weiht,leiht,1
pendeluhr,schenket,0
hain,ein,1
gebieten,priesterin,0
preist,geist,1
molkenkur,nur,1
nieder,mir,0
trinken,gluthverlangen,0
gleichen,reichen,1
blick,wieder,0
gewand,hand,1
ringer,vollbringer,1
amorinen,bedienen,1
abdrehen,krähen,1
gaben,männerrecht,0
genius,menschlichkeit,0
winken,mich,0
gerechtigkeit,schielen,0
erscheine,fort,0
er,wonne,0
nicht,denken,0
ritzen,blitzen,1
mehr,leer,1
tod,wesen,0
hilfe,schilfe,1
leier,geier,1
fesselzwang,hassen,0
weht,steht,1
vergelten,melden,1
lügenbrut,eiden,0
doktorenkragen,gefühle,0
blick,scheinen,0
phantasie,hie,1
drehn,lottospiel,0
erschrocken,locken,1
fleußt,strahle,0
pflug,schließen,0
stein,felsenstücken,0
brauset,grauset,1
bahn,schaar,0
edelster,erreichen,0
glänzte,bekränzte,1
wiedersehn,schwingt,0
gebaren,waren,1
talisman,mann,1
brüder,nieder,1
nur,mondenlicht,0
hüft,siegeskranz,0
flogst,bekriegtest,0
erweinet,schleiche,0
strande,lande,1
schweben,bach,0
welt,todten,0
mondenlicht,natur,0
mir,hier,1
sein,sternenrichter,0
gallionenheere,britannia,0
verbot,waschen,0
blüthen,hochveraltet,0
wonne,lauf,0
natur,spur,1
geleite,gewiß,0
geberde,saugen,0
krücke,geschicke,0
spielen,kummer,0
spur,natur,1
gefilde,natur,0
meister,natur,0
schlagen,klagen,1
kummer,eifern,0
überwinder,pygmalion,0
bach,ach,1
nacht,wonne,0
admet,schatten,0
tritten,heißen,0
kuß,genius,1
geblieben,spiritus,0
brücke,ergeben,0
strahlenblicken,grab,0
schielen,schlummer,0
entzücken,strahlenblicken,1
fliegen,gestiegen,1
einher,mehr,1
feuer,gestalten,0
herz,flammenschmerz,1
entsanken,riß,0
daran,mann,1
süße,auf,0
wonne,geistersonne,1
brüder,schlacht,0
pflug,genug,1
mir,weinen,0
ehre,schwere,1
altar,haar,1
sei,leise,0
mondenlicht,flügel,0
jugend,tugend,1
spur,nur,1
noth,flaschen,0
zittern,thau,0
pfauenpaar,haar,1
vermisse,erblickt,0
drücken,wand,0
dich,gebiete,0
herab,bund,0
verwandter,einander,1
brust,lust,1
leiden,eiden,1
götter,retter,1
umflötest,welt,0
alleine,wort,0
schweben,strampfen,0
küssen,ein,0
mutter,bruder,1
pole,sohle,1
mich,sich,1
erdenrund,bund,1
zurück,lieder,0
trefflichkeit,dankbarkeit,1
welt,entbinden,0
getriebe,liebe,1
sohn,gefild,0
nach,vergebens,0
leben,da,0
sternenleer,zielen,0
wonneleer,mehr,1
aus,weihn,0
herzen,herzen,1
schaft,weltgewimmels,0
hier,mutterlande,0
geschenk,noch,0
donnergang,klang,1
blicken,knicken,1
ach,mutter,0
bahn,philoktet,0
göttlicher,gleichen,0
tyrannen,zu,0
natur,lenket,0
thränte,gähnte,1
verachtet,geachtet,1
haus,nicht,0
schaar,ringer,0
spur,lebensfülle,0
feuerwunde,munde,1
sage,wage,1
brüder,schlacht,0
riß,süß,1
grab,jünglingsgeberde,0
ungetreue,tragen,0
umher,menschen,0
gleich,himmelreich,1
nicht,versenken,0
wonnefülle,gesang,0
schöne,blumenscene,1
sitze,ritze,1
klangen,zwangen,1
natur,nur,1
götterpracht,sonne,0
nach,schwärzt,0
laden,voran,0
ab,hält,0
spiegelwelle,sonnenhelle,1
himmelsflamme,aus,0
rollten,pause,0
plan,bahn,1
stehn,hügel,0
verloren,nicht,0
pfade,hier,0
heldenschwarm,arm,1
kinder,schon,0
altar,palästen,0
sie,sonnenhelle,0
geschlechte,apenninenwand,0
wagen,düftet,0
entweiche,schleiche,1
kuß,nothwendigkeit,0
schäferstunde,munde,1
tragen,sucht,0
beste,gäste,1
richterthron,geschlachtet,0
flügel,hoffnungen,0
natur,blumenspur,1
abgeblüht,wieder,0
natur,weltenuhr,1
dannen,tyrannen,1
schmucke,wach,0
höher,seher,1
harmonie,sie,1
philadelphia,entgeistert,0
thränenlasten,rasten,1
preisen,waisen,1
entsagen,schöne,0
wart,schart,1
throne,erdensohne,1
steigt,fleugt,1
wieder,dir,0
todtenchor,ohr,1
nicht,tugend,0
bild,band,0
einzuschlingen,erschwingen,1
springe,mehr,0
hohn,schon,1
hain,freund,0
rauschten,lauschten,1
fluth,gluth,1
füßen,küssen,1
natur,flur,1
dichterlande,grab,0
verbot,brod,1
gerippe,lippe,1
sohn,thron,1
mann,an,1
begehre,entbehre,1
stab,erde,0
schauern,trauern,1
jugend,tugend,1
hörnerklang,rundgesang,1
an,nannten,0
nicht,sinngedicht,1
weiht,flotte,0
zucke,nach,0
flaschen,beute,0
wort,fort,1
drucken,achselzucken,1
werken,neckt,0
stein,geweint,0
harmonie,sie,1
boden,talisman,0
trauerbühne,erweinet,0
seele,hügeln,0
sternenbogen,wogen,1
kämpfen,dämpfen,1
hörnerklang,becherklang,1
flügel,bedienen,0
daran,molkenkur,0
gewühl,lottospiel,1
stiegen,herab,0
trinken,versinken,1
grau,frau,1
dich,höhnen,0
rollten,thor,0
flügel,sternenmeer,0
ab,hält,0
meistert,entgeistert,1
linde,kieseln,0
mai,milde,0
loos,pfühl,0
tanz,gereift,0
richterwage,klage,1
gesetzen,daran,0
herrlichkeit,pendeluhr,0
redlichen,bösen,0
genoß,zelt,0
träger,kläger,1
rauschten,leier,0
sein,seele,0
sein,gefallen,0
reißt,geist,1
mir,papier,1
schlangenherz,entgegenbringt,0
kläger,grüfte,0
bedienen,drohn,0
piloten,hinan,0
steigen,quillt,0
begrabenen,mehr,0
zwillingspaar,vollbringer,0
reize,höhnen,1
hassen,umfassen,1
entbinden,winden,1
pracht,todtennacht,1
macht,errungen,0
entzwei,gefilde,0
gängelband,da,0
himmels,weltgewimmels,1
auf,trauerlauf,1
wimmert,sonnenaufgangsgluth,0
lacht,nacht,1
darauf,auf,1
cythere,hain,0
sternenbogen,wogen,1
leidenden,entblößen,0
busen,nie,0
todesriegeln,wiedersehn,0
nieder,gefieder,1
menschenkinder,finder,1
nicht,blumenspur,0
gelingt,landes,0
luft,hager,0
hinein,sternenbahn,0
oreaden,najaden,1
schande,mutterlande,1
flieht,brüder,0
verbannter,einander,1
freude,leide,1
heißen,mitzuspeisen,1
dreht,baum,0
hügel,begrabenen,0
sitz,blitz,1
gaukeln,zelle,0
hirt,an,0
schlug,flug,1
natur,hülle,0
neckt,hegt,1
tragen,dich,0
enge,mann,0
todten,geboten,1
gedenk,doch,0
mänaden,laden,1
stufen,fesselzwang,0
quillt,rosenbild,1
einzusaugen,augen,1
gefühle,spiele,1
natur,flur,1
nur,natur,1
thränen,sehnen,1
haus,trauerbühne,0
gebeinen,nacht,0
ein,rücken,0
spähte,purpurröthe,1
geschick,wollte,0
nicht,kunde,0
sich,blicke,0
drücken,blicken,1
all,thal,1
an,bahn,1
spiegelwelle,strahlenquelle,1
philoktet,gatten,0
wesen,gelesen,1
hangen,gluthverlangen,1
verliehn,ein,0
schmerz,leide,0
rücken,felsenstücken,1
schaukeln,glückeswelle,0
kosen,rosen,1
balsamwest,hochzeitfest,1
lieder,an,0
schweben,leben,1
stiegen,herab,0
scheinen,schauern,0
nicht,begehre,0
düftet,vergiftet,1
kunde,bunde,1
höhen,götterkönigin,1
noth,verbot,1
preist,gebaren,0
weint,blut,0
stehn,sehn,1
brüder,wieder,1
sarge,trauerhaus,0
flammenaugen,saugen,1
genau,frau,1
träumen,räumen,1
natur,sein,0
glanz,gereift,0
entzücken,aufgedämmert,0
preisen,reisen,0
barbar,gebar,1
särge,bahn,0
schütteln,zu,0
sich,sprang,0
blies,hemisphäre,0
geschick,augenblick,1
verbannten,kannten,1
leben,leben,1
an,schooße,0
schwebt,springen,0
mich,dich,1
thoren,angesicht,0
götterschwur,liegen,0
ungestüm,heldenstab,0
natur,firmament,0
geschrieben,verschwunden,0
um,elysium,1
gespann,voran,1
klage,sage,1
eingespannt,welt,0
schwere,seligkeit,0
kopf,städtlerschopf,1
sterblichen,gesetzen,0
balsamwest,gatten,0
prüfte,grüfte,1
nicken,schmücken,1
ulerich,klang,0
bade,gnade,1
verließ,entzücken,0
bahn,schaar,0
tragen,spiele,0
natur,mondenlicht,0
mondenlicht,nicht,1
gatten,matten,1
pfeifenklang,schlacht,0
brücke,trauerlauf,0
haus,aus,1
admet,philoktet,1
reben,natur,0
altären,cytheren,1
sympathie,bewohnet,0
herzt,schwärzt,1
erde,schwerte,1
phantasien,blühn,1
rechte,strand,0
sonnenhügel,her,0
herzen,schmerzen,1
loos,schooß,1
lauf,auf,1
locke,todesblocke,1
mund,nebelschein,0
getrieben,geblieben,1
mann,kann,1
gespann,wein,0
daher,wünschen,0
menschlichkeit,lippe,0
voran,elysium,0
elysiumslüften,düften,1
mauern,trauern,1
haus,spein,0
zu,favoriten,0
lehren,bringt,0
schätzen,mann,0
schlacht,nacht,1
zwang,vollendungsgang,1
du,zu,1
alle,strahle,1
gefunden,umwunden,1
leben,wort,0
natur,flur,1
sonnenrosse,sonnenrosse,1
zügen,wiegen,1
strahle,reimen,0
höllenwunde,ohr,0
mich,dich,1
planeten,reden,1
sympathie,sie,1
tod,gott,1
sein,lieben,0
zu,brauset,0
spiele,wäldern,0
lieben,kann,0
freuten,sohn,0
ruh,gewimmel,0
nur,hinein,0
leer,allen,0
neid,lüsternheit,1
bald,espenwald,1
lieder,wieder,1
ach,nach,1
geben,leben,1
sonne,flur,0
felsenkraft,himmels,0
musen,saitenharmonie,0
entflohn,lohn,1
minnen,stehn,0
flotte,citadellen,0
spiegel,flügel,1
wieder,bahn,0
weht,steht,1
bekriegtest,wiegtest,1
volke,meere,0
segnungen,klingt,0
hauf,graun,0
trüben,lieben,1
gegeben,rosenspur,0
zu,verzweiflungswahn,0
neptun,schritte,0
siegeskränze,ziel,0
kopf,wart,0
geußt,reißt,1
flotte,gotte,1
nach,ach,1
mehr,schlangen,0
siegeskranz,schwertertanz,1
brüder,wieder,1
schauern,luft,0
trauerhaus,heraus,1
glücks,kinderblicks,1
untergehn,lebenstöne,0
buben,stuben,1
luft,hügel,0
wonnen,zerronnen,1
wein,dichter,0
zaumes,weltenraumes,1
trüber,vorüber,1
heilen,waisen,0
rollten,grollten,1
gefieder,hie,0
pflügen,mund,0
bilde,spur,0
suchen,fluchen,1
nicht,spricht,1
genug,gießen,0
trauerlauf,sperret,0
einzuschlingen,trümmer,0
augenblicke,erblicke,1
trauermiene,verneinet,0
glücke,zurücke,1
geweint,hilfe,0
segnungen,wiedersehn,1
zu,du,1
gesang,pfeifenklang,1
schweift,düster,0
schwabenland,held,0
nie,sonnenblick,0
wimmeln,entronnen,0
thracier,thracier,1
wiegen,zu,0
kennt,räder,0
au,gesegnet,0
darauf,hauf,1
hirt,wirth,1
lodern,gluth,0
mann,nur,0
schranken,lichter,0
braut,traut,1
mich,engelgüte,0
najaden,majestät,0
spötter,retter,1
falle,alle,1
bach,freudengelage,0
ziehn,fernen,0
röthe,flöte,1
schmerzen,liebespfand,0
alle,mann,0
pfeifenklang,triumphgesang,1
thor,sprach,0
thurme,nervenmarke,0
sonnenberge,särge,1
geschrieben,lieben,1
hager,leichenlager,1
gelungen,errungen,1
weinet,verneinet,1
altären,gebieten,0
nieder,phantasie,0
wesen,leben,1
thor,empor,1
befohlen,rechte,0
kränze,lenze,1
alleine,erscheine,1
kinder,finder,1
gestalten,niederwallten,1
geister,nur,0
wand,natur,0
eduard,eberhard,1
richterwage,barbar,0
hirtenstab,amathunt,0
gedanke,geschwanke,1
haine,nebelscheine,1
rundgesang,becherklang,1
hemisphäre,grab,0
lied,ritzen,0
dornenbahn,an,1
erde,geberde,1
baum,silberschaum,1
augen,schwimmt,0
gedanken,dichter,0
nur,natur,1
schlagen,wagen,1
freund,feind,1
suchen,donnersprach,0
nur,flöte,0
hält,schlagen,0
schlummer,geifern,0
sich,jedermänniglich,1
daher,all,0
nur,wallen,0
verbannten,nannten,1
ziehn,fliehn,1
pressen,erfreun,0
stein,hain,1
haben,begraben,1
najaden,entquillt,0
schöne,verbannt,0
hochzeitfest,matten,0
wand,empfand,1
liebe,nachtigall,0
ewigkeit,spielen,0
vergolden,hause,0
verzweifelung,erwarmet,0
nacht,pracht,1
hülle,wirth,0
decken,verstecken,1
linde,winde,1
verloren,verließ,0
theur,weihen,0
ach,klage,0
wonneleer,nicht,0
sehen,vergehen,1
ein,stehle,0
heiligthum,weilt,0
nebelferne,dich,0
gefährte,werde,1
welt,verfällt,1
richterin,vergelterin,1
bezwungen,talisman,0
reisen,wonneleer,0
gesegnet,regnet,1
bade,schrein,0
schlummer,kummer,1
tänze,siegeskränze,1
geist,alle,0
wort,untergehn,0
überwinder,kinder,1
bahn,hinan,1
fliegen,liegen,1
pokalen,kannibalen,1
pflücken,schmerzen,0
mir,welt,0
wallen,nachtigallen,1
bekränzte,fabelland,0
empfunden,umwunden,1
fabelland,amathusia,0
altar,palästen,0
gruft,riegel,0
leier,klangen,0
kann,gäste,0
ziel,haar,0
pries,beglücken,0
priesterin,charitin,1
spötter,götter,1
lacht,nacht,0
farren,leben,0
philoktet,gatten,0
schlacht,lanzennacht,1
saitenharmonie,amoretten,0
winken,hangen,0
gewand,schleifen,0
wälzen,orgelton,0
sterblichen,gerippe,0
sei,mai,1
gift,hüft,1
beute,vermaledeite,1
zeigen,steigen,1
haar,festen,0
reue,versagen,0
reden,fürchterlich,0
zu,rollten,0
an,verloren,0
wonne,strauch,0
art,meilen,0
gewand,todtenband,1
lauschten,geier,0
wieder,triumphgesang,0
wimmert,aufgedämmert,1
entsagen,schlagen,1
vergessen,sein,0
kann,wundermann,1
trüber,vorüber,1
britten,mitzuspeisen,0
waschen,vermaledeite,0
heldenmuth,geist,0
luft,gruft,1
grab,ab,1
thracier,mehr,1
gnade,ein,0
verstande,ideenlande,1
vergelterin,geschwiegen,0
firmament,kennt,1
sich,dich,1
gotte,wellen,0
erknarren,schweben,0
wieder,nacht,0
nie,sklavenknie,1
widerstreben,ergeben,1
sterbeblick,zurück,1
ehrenmann,kann,1
da,regieret,0
geifern,eifern,1
entblößen,lösen,1
singe,einher,0
empfunden,blühn,0
phantasien,sonne,0
ehre,herrlichkeit,0
fabelland,amathusia,0
silberbach,ach,1
lohn,entsagen,0
klaget,versaget,1
paradies,sei,0
du,bieten,0
fall,erdenball,1
klang,umhallte,0
zu,ruh,1
mänaden,gespann,0
geweint,hilfe,0
meeres,leeres,1
bund,errungen,0
fort,wort,1
stern,heldenschwarm,0
vergebens,lebens,1
wart,bart,1
nacht,gefacht,1
sonnenaufgangsgluth,perlenfluth,1
nicht,ermorden,0
wonnen,pochten,0
vorüber,lieber,1
wein,thyrsusschwinger,0
harmonie,sie,1
achselzucken,verbot,0
fliehn,sternen,0
dankbarkeit,natur,0
thracier,wangen,0
hülle,lebensfülle,1
medusenschild,hand,0
mehr,einher,1
winden,blies,0
hin,vergelterin,1
leben,gegeben,1
todten,bahn,0
herrlichkeit,seligkeit,1
verflochten,pochten,1
versaget,nacht,0
zurück,glück,1
reh,umher,0
sterbeblick,meilen,0
königsthronen,kronen,1
blicke,es,0
glieder,geister,0
geschosse,sonnenrosse,1
mänaden,laden,1
brüder,geister,0
gerungen,mann,0
stein,geweint,0
wagen,schlagen,1
nothwendigkeit,gerippe,0
versagen,verflucht,0
holde,golde,1
zähre,stein,0
sonnenhügel,flügel,1
munde,fliehn,0
herz,freude,0
silberschaum,wagen,0
dampfen,strampfen,1
auf,hauf,1
krone,loos,0
ab,grab,1
überschwung,umarmet,0
klagen,erdenball,0
hügel,flügel,1
liegen,lieben,1
natur,kosen,0
thau,regnet,0
seelenreiches,geister,0
amorinen,schon,0
schmerzen,herzen,1
retter,fluß,0
verscherzt,verschmerzt,1
lande,strande,1
verscherzt,haben,0
wogen,vergehn,0
milde,gefilde,1
fluchen,nach,0
gluthverlangen,hangen,1
waisen,preisen,0
lüfte,klüfte,1
an,beste,0
mir,herzen,0
sonne,wonne,1
dir,hält,0
liebe,liebe,1
herrn,warm,0
zwangen,qualgerichte,0
krähen,jedermänniglich,0
nacht,zaubermacht,1
strand,moden,0
erreichen,preist,0
angesicht,nicht,1
wieder,lieder,1
roth,tod,1
richterwage,klage,1
ringeltanzes,reiht,0
pendeluhr,natur,1
reue,ungetreue,1
natur,hülle,0
auf,befohlen,0
wonne,maiensonne,1
weltgericht,lehre,0
erblickt,wieder,0
springt,wandre,0
leiht,götter,0
gleich,himmelreich,1
minnen,hinnen,1
voran,ein,0
auf,verzerret,0
qualgerichte,mehr,0
lanzennacht,fort,0
ehren,verschlingt,0
an,kann,1
hinnen,sehn,0
mich,schlug,0
moden,feilgeboten,1
schmerzen,lande,0
natur,rosenspur,1
auf,lauf,1
fluche,vaterherz,0
zügen,ruh,0
oreaden,dreht,0
raum,sonnenrosse,0
ein,freudebringer,0
brüder,wieder,1
stirbt,halle,0
richterin,klage,0
an,wehn,0
meilen,preisen,0
dornenbahn,verbannten,0
wäldern,gepaart,0
bilder,milder,1
liebe,fall,0
sie,zaum,0
nothwendigkeit,menschlichkeit,1
eifern,aus,0
mehr,leer,1
natur,spur,1
nebelschein,liegen,0
macht,obermacht,1
pflügen,trüben,1
schatten,gatten,1
preist,geist,1
hainen,trauern,0
lüfte,sie,0
ein,ein,1
kinder,menschenkinder,1
admet,schatten,0
feur,verzeihen,0
majestät,silberschaum,0
leier,niederwallten,0
stehn,auf,0
bäumen,höh,0
wagenthrone,herrscherkrone,1
sonnen,wonnen,1
ficht,nicht,1
gleiches,seelenreiches,1
lande,flug,0
vergehn,leer,0
sternenbahn,heiligthum,0
schauernacht,sonnenpracht,1
pergamus,thränen,0
thyrsusschwinger,freudebringer,1
blut,lügenbrut,1
lodern,sünderin,0
gaukeln,schaukeln,1
nektarschaum,morgentraum,1
silberschaum,wagen,0
schäumen,bäumen,1
verdirbt,schalle,0
glieder,brüder,1
himmel,schaukeln,0
paradies,blies,1
morgenröthe,natur,0
gerippe,lippe,1
worten,ermorden,1
flaschen,waschen,1
lehre,entbehre,1
nagen,entsagen,1
schaar,ringer,0
leer,allen,0
fluren,planetenuhren,1
rang,bezwang,1
todten,bahn,0
gleich,himmelreich,1
fall,verwachsen,0
durchzuschaun,graun,1
mutter,sturme,0
dort,scheinen,0
besiegen,hirtenstab,0
angesicht,jugend,0
paradies,gewiß,1
verließ,pries,1
klang,sprang,1
einzusaugen,flimmt,0
lebens,mir,0
hainen,trauern,0
nie,schlagen,0
fluren,spuren,1
brücke,ergeben,0
golde,wacht,0
leihn,lächeln,0
klangen,gesichte,0
entzücken,beglücken,1
hand,blühte,0
schlagen,fall,0
gefilde,bilde,1
verloren,abgeschworen,1
träume,morgenkeime,1
ritzen,wolkenspitzen,1
sonnenrosse,geschosse,1
höhn,schöne,0
fliehn,ziehn,1
stehn,weht,0
eingespannt,schwabenland,1
held,feld,1
dichter,sternenrichter,1
römersmann,mann,1
füßen,fließen,1
sie,nicht,0
gleiches,weltenmeister,0
floß,sinnenwelt,0
natur,nur,1
an,kann,1
wiesen,küssen,1
siegeskränze,ziel,0
mänaden,gespann,0
amathusia,geführet,0
nur,natur,1
dann,mann,1
bote,sinn,0
gefallen,allen,1
glanz,schwertertanz,1
werde,maienschwung,0
doch,schmücken,0
loben,oben,1
fort,mord,1
grabgedanken,süß,0
mund,rund,1
zusammen,namen,1
wand,natur,0
klüfte,sympathie,0
rieseln,donnergang,0
sonnenaufgangsgluth,blut,1
träumen,reimen,1
schmerzen,herzen,1
noth,brod,1
lustgelage,nektarschaum,0
welt,wagen,0
reisen,preisen,1
wirbelgang,sie,0
hohn,schwärmer,0
wesenlenker,körperweltgewühle,0
gefallen,allen,1
geschicke,es,1
floß,an,0
strande,kann,0
schlacht,losungswort,0
vergangenheit,ewigkeit,1
dringen,einzuschlingen,1
jungen,tanz,0
entzücken,ab,0
verstehen,gesehen,1
wimmeln,himmeln,1
entzwei,kreise,0
ohr,rosenbild,0
schließen,gießen,1
vergelterin,sage,0
hölle,schwanenkleid,0
amathusia,führtet,0
philosophie,rosentagen,0
millionen,wohnen,1
brüder,pfeifenklang,0
verdirbt,stirbt,1
trüben,verbunden,0
wieder,bahn,0
hügel,hainen,0
schwanenkleid,eingestreut,1
hinan,zwillingspaar,0
beklagen,getragen,1
sophisten,christen,1
freund,schilfe,0
zurück,ereilen,0
hauche,seele,0
treiben,kläger,0
abschiedsküsse,lauf,0
ihr,geben,0
todtenflur,röthe,0
kann,britten,0
zähre,cythere,1
narben,starben,1
geschworen,verloren,1
admet,philoktet,1
welt,held,1
jugendfreude,rosenkleide,1
unsterblichkeit,kalten,0
wieder,nieder,1
genick,blick,1
gepflückt,zückt,1
wonne,zwang,0
röthest,feld,0
itzt,blitzt,1
sitzen,blut,0
zurück,hörnerklang,0
todtenchor,quillt,0
flodern,hin,0
mehr,thracier,1
meere,da,0
pfeifenklang,wehn,0
lauf,ruh,0
hölle,stelle,1
sogst,wiegtest,0
natur,spur,1
engelgüte,gebiete,1
gestaden,mild,0
verschlingt,händen,0
da,philadelphia,1
feld,todtenflur,0
umher,daher,1
meister,geister,1
sterblichen,erinyen,1
heldenspiel,ziel,1
überschwung,verzweifelung,1
herzen,flammenkerzen,1
schon,drohn,1
joch,haine,0
errungen,ein,0
dreht,majestät,1
aus,trauermiene,0
gaben,haben,1
kampf,pulverdampf,1
najaden,majestät,0
gift,glanz,0
wonne,natur,0
zelt,gestiegen,0
hält,winden,0
hause,hügel,0
decken,schrecken,1
gleich,himmelreich,1
duft,feste,0
mehr,sinngedicht,0
sie,thronet,0
warm,arm,1
verstandes,landes,1
zähre,stein,0
nicht,sonnenhügel,0
weinen,pracht,0
ehre,schwere,1
tuche,fluche,1
verzeihen,weihen,1
an,aufgethan,1
flügel,sonnenhügel,1
schön,gehn,1
schlüpfte,medusenschild,0
trinken,versinken,1
sünderin,hin,1
moden,paketbooten,1
blinkte,paradies,0
genau,beklagen,0
reiht,zeit,1
abschiedsküsse,süße,1
feuer,leier,1
pygmalion,schon,1
blick,zurück,1
lacht,mitternacht,1
herab,grab,1
flehen,liebe,0
pergamus,fluß,1
träger,prüfte,0
zwillingspaar,vollbringer,0
entgegenflohn,mich,0
gefilde,bilde,1
leben,dampfen,0
entsanken,grabgedanken,1
winkte,süß,0
weltenmeister,seligkeit,0
herzenfeßlerin,triebe,0
niederwallten,goß,0
um,kränze,0
pole,belebt,0
geweint,freund,1
welt,vernichtet,0
riß,jugendfreude,0
flur,hand,0
götter,blicken,0
geschlachtet,geachtet,1
wesen,durchweben,1
welt,sternenzelt,1
lohn,verachtet,0
tänze,siegeskränze,1
baum,silberschaum,1
prangst,gewissensangst,1
wogen,vergehn,0
weht,verschmäht,1
holde,macht,0
rieseln,kieseln,1
natur,spur,1
bösen,entblößen,1
schweben,fort,0
dort,fort,1
geboren,zugeschworen,1
frau,getragen,0
palästen,festen,1
sonnenblick,zurück,1
paradies,gähnte,0
herzen,verbannt,0
vermisse,küsse,1
ziel,haar,0
flimmt,flüchten,0
riechen,schon,0
philosophie,nie,1
werken,thatenbergen,1
wellen,dir,0
sitzen,blitzen,1
flur,natur,1
wieder,nacht,0
wach,zurück,0
sein,werde,0
sonne,wonne,1
gesetzen,schätzen,1
trinkt,thron,0
aufgedämmert,blut,0
gedanke,rollten,0
liegen,gestiegen,1
hirtenstab,amathunt,0
augenblick,sollte,0
götterkönigin,herzenfeßlerin,0
meilen,heulen,1
erdenrund,gelungen,0
gott,bösen,0
gelogen,gedenk,0
kinderblicks,freudenquelle,0
sonnenrosse,geschosse,1
voran,ein,0
freund,schilfe,0
gefacht,flammenkerzen,0
glanzes,zeit,0
schauern,trauern,1
genius,kinder,0
thracier,thracier,1
blick,hügel,1
herz,füßen,0
schonen,mir,0
gestirn,gehirn,1
ideenlande,floß,0
entquillt,mild,1
an,liebe,0
sünderin,feur,0
nebelferne,sterne,1
scheinen,schauern,0
dichter,geist,0
feind,lügenbrut,0
bund,amathunt,1
tuche,höllenschmerz,0
umrütteln,du,0
blühn,wonne,0
falle,römersmann,0
linken,sich,0
todten,despoten,1
genuß,menschenkinder,0
morgenröthe,flöte,1
kieseln,rieseln,1
geist,kannibalen,0
werden,erden,1
freute,geleite,1
wallte,umhallte,1
trauern,gruft,0
räumen,entzwei,0
abdrehen,sich,0
glücks,hölle,0
gereift,leben,0
ihr,nie,0
leben,geben,1
wehn,vergehn,1
geschenk,gedenk,1
busen,musen,1
natur,flur,1
winken,versinken,1
welt,entbinden,0
sturme,sarge,0
herzt,lallte,0
thracier,thracier,1
erde,morgendämmerung,0
blätter,pflücken,0
seligkeit,unendlichkeit,1
fesselzwang,drang,1
gewimmel,gaukeln,0
aus,haus,1
papier,kleinen,0
enge,enge,1
schleift,schauernachtgeflüster,0
welt,glücks,0
umrütteln,schütteln,1
bürgern,würgern,1
schritte,weiht,0
wieder,brüder,1
hand,tugend,0
nach,wach,1
jugendweise,eise,1
gemacht,bürgern,0
hain,throne,0
nicht,dämpfen,0
baum,sagen,0
sich,mich,1
vernichtet,gerichtet,1
tod,gott,1
erzogen,gelogen,1
da,meistert,0
bilder,kuß,0
haltet,thatenbergen,0
gängelbande,ab,0
sehn,verschmäht,0
jungen,jungen,1
glanz,siegeskranz,1
zurück,lieder,0
hauch,strauch,1
glänzte,gängelband,0
ein,sein,1
wieder,nieder,1
erde,macht,0
durchweben,gegeben,1
dringen,nimmer,0
höh,daher,0
wieder,lieder,1
es,nach,0
gestiegen,vergnügen,1
gleichen,geist,0
mein,fächeln,0
weiht,spötter,0
stiegen,besiegen,1
luft,gruft,1
mich,schätzen,0
zusammen,schwammen,1
gebar,erinyen,0
heran,wundermann,1
liebenden,schwammen,0
kauf,kohlen,0
geistersonne,an,0
blüthen,hienieden,1
schaut,entzücken,0
wieder,brüder,1
nannten,kannten,1
spur,lebensfülle,0
fragen,zurück,0
schweift,schleift,1
schlagen,kamöne,0
herzvergifterin,namen,0
brüder,wieder,1
mir,hier,1
natur,nachtigallen,0
geschlachtet,verachtet,1
gespann,wein,0
art,gepaart,1
natur,wind,0
ruh,grauset,0
wesen,gegeben,1
verbot,tod,1
wie,fühlen,0
entflohn,nagen,0
sympathie,felsensteine,0
klage,gebar,0
schwere,dankbarkeit,0
stäuben,träger,0
errungen,gezwungen,1
brüder,glieder,1
an,admet,0
feilgeboten,sollte,0
sonne,auf,0
erde,flammenaugen,0
angesicht,worten,0
drucken,noth,0
schooß,gefühl,0
schlacht,nacht,1
siegel,nektarquellen,0
fürchterlich,sich,1
dreht,majestät,1
dichterlande,grab,0
mehr,gefallen,0
federtrieb,lieb,1
zwang,an,1
flüchten,lichten,1
pflicht,kämpfen,0
haus,aus,1
bild,medusenschild,1
schauerlich,sie,0
wesen,leihn,0
dir,mir,1
verflucht,sucht,1
singe,springe,1
hiebe,hochzeitfest,0
vergebens,hier,0
gestalten,hingehalten,1
scheinet,verdirbt,0
oreaden,dreht,0
abgeschworen,pries,0
welt,nur,0
ebenbild,quillt,1
schon,siegeston,1
fluß,sehnen,0
stille,hirt,0
thaut,blicken,0
abgeblüht,flieht,1
nacht,zaubermacht,0
feilgeboten,paketbooten,1
vorüber,lichts,0
alleine,felsensteine,1
natur,lenket,0
saugen,sich,0
sinnenwelt,vergnügen,0
götter,blätter,1
ach,lebens,0
brüder,heiligthum,0
achsen,verwachsen,1
bund,amathunt,1
mich,dich,1
beklagen,drucken,0
apenninenwand,feilgeboten,0
sonnen,verflochten,0
welt,feld,1
verneinet,schwingen,0
donnersprach,herzt,0
verziehn,ihn,1
neptun,ruhn,1
glänzte,gängelband,0
verfällt,despoten,0
gefild,bild,1
fort,höhn,0
rauche,grabeshöhle,0
flöte,flur,0
zu,trinkt,0
springt,verstandes,0
glüht,blitzen,0
hin,lügen,0
dannen,du,0
dräun,hauche,0
umarmet,erwarmet,1
winkte,blinkte,1
weht,strande,0
schwingen,springen,1
stelle,eingestreut,0
rosentagen,schlagen,1
genius,erinyen,0
nachtigallen,ach,0
umwunden,verliehn,0
ritzen,sonne,0
wagenthrone,kroniden,0
rechte,geschlechte,1
nie,angesicht,0
du,zu,1
dreht,baum,0
spricht,bunde,0
cythere,hain,0
heldenspiel,ziel,1
wiesen,geschlüpft,0
wie,harmonie,1
noch,nicken,0
trüben,rund,0
welt,vergällt,1
glänzte,bekränzte,1
quillt,meilen,0
leben,durchweben,1
noth,tod,1
ab,thränenlasten,0
trauern,gruft,0
dringen,vergällt,0
verbannter,purpurröthe,0
verbunden,verschwunden,1
quer,thal,0
da,amathusia,1
sein,verziehn,0
herrn,stern,1
pracht,menschengruft,0
geschwiegen,gestiegen,1
mondenlicht,nicht,1
leben,ach,0
mehr,mehr,1
errungen,gemacht,0
abgetragen,glück,0
trinken,hangen,0
sonne,wonne,1
tritten,britten,1
eingespannt,welt,0
winken,versinken,1
augenblicke,widerstreben,0
auf,kauf,1
kann,abgeschworen,0
milder,genius,0
mai,eise,0
weinen,kleinen,1
geist,fleußt,1
sie,sympathie,1
natur,gewand,0
mitte,speit,0
geschlagen,mich,0
an,mann,1
sein,ein,1
bahn,philoktet,0
ficht,trüber,0
spuren,planetenuhren,1
sprach,nach,1
zelle,glückeswelle,1
brücke,erblicke,1
hegt,fleugt,0
wangen,schlangen,1
stirbt,wirbt,1
band,jugend,0
verschwinden,paradies,0
citadellen,wellen,1
gesang,wehn,0
losungswort,fort,1
kann,mann,1
nachtigall,fall,1
modern,purpurblut,0
gewimmel,himmel,1
erinyen,lippe,0
nie,sie,1
spielen,zielen,1
seele,grabeshöhle,1
andre,wandre,1
niederwärts,männerherz,1
bart,schart,1
trauern,nicht,0
glückeswelle,drehn,0
recensionen,papier,0
blicken,entzücken,1
stäuben,treiben,1
millionen,belohnen,1
stirbt,narben,0
feind,an,0
da,britannia,1
götter,retter,1
regieret,geführet,1
schöne,lebenstöne,1
gesicht,licht,1
erinyen,benetzen,0
sei,jugendweise,0
geschlecht,männerrecht,1
hilfe,schilfe,1
fliehn,weltenraumes,0
geschlüpft,hüpft,1
gezwungen,erdacht,0
zu,himmel,0
gluth,düften,0
grab,felsendamm,0
dort,fort,1
bekränzte,fabelland,0
räumen,weltenuhr,0
trieb,blieb,1
schielen,spielen,1
herab,hirtenstab,1
gereift,reben,0
eumenidenpaar,gefahr,1
hauche,rauche,1
gepaart,heilen,0
heldenspiel,altar,0
plan,fliegen,0
mütterlich,mich,1
ewigkeit,brücke,0
hinan,zwillingspaar,0
stamm,felsendamm,1
begehre,lehre,1
verschmäht,blumenscene,0
du,vergolden,0
edelster,göttlicher,1
herab,bund,0
welt,held,1
spur,zurück,0
sympathie,sie,1
sinn,dahin,1
trauerhaus,gepflückt,0
vergehen,nicht,0
sternenzelt,wohnen,0
leihn,mein,1
richterthron,lohn,1
schäferstunde,ziehn,0
weht,gestade,0
sonne,wonne,1
liebe,balsamwest,0
du,gefunden,0
spiegel,amorinen,0
sonne,hauch,0
nach,ach,1
charitin,bezwang,0
hoffnungen,mehr,0
königsthronen,weint,0
heldenspiel,altar,0
nicht,nicht,1
fürchterlich,krücke,0
stamm,wehen,0
leben,schweben,1
auf,durchzuschaun,0
blühn,verliehn,1
zielen,gehn,0
pflicht,nicht,1
favoriten,bieten,1
triumphgesang,nacht,0
natur,tod,0
augenblicke,erblicke,1
angesicht,ficht,0
geister,meister,1
du,zu,1
erfreun,ihn,0
gewiß,phantasei,0
schaar,zwillingspaar,1
nacht,duft,0
niederreißt,schaft,0
pfauenpaar,wagenthrone,0
zitterten,liebenden,1
schöpferfluß,genius,1
schwingen,dione,0
füßen,hain,0
nicht,weltgericht,1
flohn,fluren,0
entronnen,sonnen,1
thal,farren,0
liebe,hiebe,1
hält,welt,1
lesen,mein,0
paradies,munde,0
süß,thränte,0
brücke,glücke,1
genoß,floß,1
warm,heldenschwarm,1
geschicke,ach,0
erzogen,geschenk,0
grab,rasten,0
blitzen,wolkenspitzen,1
blicken,nie,0
säbelhieb,blieb,1
obermacht,gezwungen,0
denken,versenken,1
hienieden,haltet,0
gedanken,schranken,1
freund,bahn,0
ball,achsen,0
feur,theur,1
blicken,herzen,0
widerstreben,ergeben,1
richterwage,kuß,0
fernen,sternen,1
auf,herzvergifterin,0
zaubermacht,himmeln,0
nervenmarke,heraus,0
getheilt,götterfunken,0
gefild,gleichen,0
wie,sie,1
flehen,herzenfeßlerin,1
sitzen,kraus,0
thal,strahl,1
natur,geboren,0
geschlagen,tragen,1
erklingen,welt,0
ziehn,fliehn,1
er,spiegelmeer,1
speit,gotte,0
barbar,sterblichen,0
fort,hainen,0
steht,pfade,0
lügen,geschwiegen,1
erden,genius,0
lügen,gestiegen,1
schauern,luft,0
singen,krone,0
leben,reben,1
rauschen,lauschen,1
säbelhieb,trieb,1
feldern,wäldern,1
zelle,spähn,0
mauern,nicht,0
obermacht,wasserschlacht,1
mehr,gefallen,0
blut,perlenfluth,1
weinen,grau,0
itzt,sitzt,1
thron,bild,0
geschwanke,grollten,0
sternenbahn,voran,1
steht,lande,0
britten,erbitten,1
all,riesenfall,1
zaum,geschosse,0
glück,rundgesang,0
verwandter,spähte,0
tänze,heldenspiel,0
bild,reichen,0
nun,orgelton,1
altar,haar,1
ruh,an,0
felsendamm,vergehen,0
bach,meeres,0
sophisten,stirbt,0
nichts,lichts,1
blicken,empfand,0
citadellen,ihr,0
gängelbande,ab,0
entgegenbringt,andre,0
nicht,gesicht,1
blicke,auf,0
feld,welt,1
munde,höllenwunde,1
dich,schauerlich,1
sonnenhelle,strahlenquelle,1
lodern,flodern,1
geister,unendlichkeit,0
heldenstab,grab,1
nimmer,trümmer,1
ein,busenwallen,0
dichterlande,gängelbande,1
lieder,an,0
gereift,gereift,1
geifern,haus,0
gelesen,gegeben,1
tod,todtennacht,0
höllenschmerz,süß,0
wollte,sollte,1
pracht,lodern,0
flammenschmerz,fließen,0
güte,blühte,1
rieseln,wälzen,0
todten,piloten,1
haar,herrscherkrone,0
prüfte,auf,0
ziehn,zaumes,0
schonen,recensionen,1
nacht,herzen,0
verzerret,sperret,1
dich,harmonie,0
fühlen,spielen,1
dringen,erschwingen,1
spur,geschwind,0
gespann,voran,1
götterpracht,nacht,1
fliegen,siegen,1
flammenaugen,mich,0
hochveraltet,haltet,1
sarge,nervenmarke,1
augenblicke,widerstreben,0
schmeichlern,heuchlern,1
drohn,entflohn,1
schwabenland,held,0
zeiten,thron,0
stufen,schufen,1
stille,hülle,1
zitterten,zusammen,0
an,bahn,1
kieseln,klang,0
gestalten,kalten,1
ruhn,mitte,0
todtenband,schweifen,0
schalle,halle,1
erklingen,dringen,1
schenket,lenket,1
abgetragen,fragen,1
thoren,verloren,1
herzen,schmerzen,1
moden,wollte,0
hülle,lebensfülle,1
trinken,winken,1
sie,alleine,0
klage,genius,0
schlacht,nacht,1
heiligthum,elysium,1
meere,gallionenheere,1
zelt,sinnenwelt,1
grab,welt,0
mir,ihr,1
ach,nach,1
vergessen,pressen,1
winde,rieseln,0
ein,freudebringer,0
lied,glüht,1
dahin,flammenschmerz,0
angesicht,nicht,1
verstecken,schrecken,1
meister,geister,1
augenblicke,brücke,1
mann,darauf,0
weibsgesicht,nicht,1
bahn,hinan,1
nebelschein,sein,1
harfengezitter,schatten,0
kamöne,verwandt,0
verbannt,liebespfand,1
thron,schon,1
kriechen,siegeston,0
nie,sie,1
gesichte,qualgerichte,1
tyrannenwehre,hemisphäre,1
freute,paradies,0
haus,stäuben,0
ringeltanzes,glanzes,1
wehn,wehn,1
heiligthum,sitze,0
erschrocken,sitz,0
brücke,zurücke,1
knicken,sie,0
gemacht,erdacht,1
hügeln,todesriegeln,1
sein,doktorenkragen,0
höhen,flehen,0
despoten,geboten,1
bahn,siegen,0
leben,schweben,1
schnitter,harfengezitter,1
ach,bach,1
empfand,spur,0
brod,tod,1
rosenspur,gott,0
scheinen,hainen,1
wieder,elysium,0
welt,sternenzelt,1
hohn,dich,0
städtlerschopf,bart,0
sonnenberge,an,0
verziehn,vergelten,0
vergällt,kinderblicks,0
geschlüpft,fluth,0
gruft,leichenlager,0
spein,weihn,1
nun,bald,0
losungswort,mord,1
reihn,tragen,0
sterblichen,erinyen,1
locke,schlangenherz,0
millionen,wohnen,1
tode,dahin,0
pendeluhr,natur,1
kraus,aus,1
nie,rosenketten,0
gestade,pfade,1
keimen,natur,0
nektarquellen,wollustwellen,1
springt,gelingt,1
befohlen,kohlen,1
wehen,vergehen,1
kalten,hingehalten,1
geschosse,geschosse,1
lebens,vergebens,1
sitzen,spritzen,1
zu,umwunden,0
höhn,untergehn,1
herrscherkrone,uraniden,0
hügeln,segnungen,0
blicken,pflücken,1
sich,flohn,0
scheinet,weinet,1
an,verzweiflungswahn,1
todtenflur,nur,1
lieder,wieder,1
welt,millionen,0
da,regieret,0
glückseligkeit,glücke,0
scheinen,hainen,1
macht,wacht,1
wallen,silberbach,0
hölle,freudenquelle,1
wirbt,starben,0
flittern,zittern,1
an,bahn,1
bahn,stehn,0
drücken,blicken,1
laden,voran,0
geweint,freund,1
gewissensangst,verstecken,0
natur,blick,0
gesang,wie,0
schwerte,obermacht,0
blitzen,aus,0
priesterin,rang,0
fort,vermisse,0
wein,thyrsusschwinger,0
winkt,hohn,0
geier,zwangen,0
stehn,gehn,1
sklavenknie,zurück,0
hain,freund,0
lichter,niederreißt,0
sagen,wagen,1
süß,feuerwunde,0
schenket,lenket,1
sohle,schwebt,0
todten,bahn,0
fürchterlich,schon,0
hin,zusammen,0
träumen,mai,0
singe,einher,0
welt,hält,1
welt,sternenzelt,1
lande,mann,0
doktorenkragen,tragen,1
felsen,nun,0
springe,mehr,0
scherz,springt,0
stiegen,besiegen,1
ihm,grab,0
verschmerzt,begraben,0
hüpft,gluth,0
grollten,empor,0
bilde,spur,0
zeigen,ebenbild,0
seele,stehle,1
eingespannt,schwabenland,1
weinet,stirbt,0
felsen,wälzen,1
tyrannenwehre,herab,0
verdirbt,stirbt,1
vaterherz,paradies,0
werde,erde,1
entgegenflohn,hohn,1
erblickt,entzückt,1
gelungen,sein,0
sternenbogen,wehn,0
kroniden,uraniden,1
farren,erknarren,1
ein,erdensohne,0
kreist,pokalen,0
wieder,hyder,1
schlug,schlug,1
stab,grab,1
sternenzelt,wohnen,0
flittern,au,0
rosenketten,amoretten,1
flimmt,schwimmt,1
hauf,auf,1
belebt,schwingen,0
bach,nach,1
krücke,blicke,1
talisman,bahn,1
knüpfte,bild,0
schlug,schmeichlern,0
natur,götterschwur,1
roth,pracht,0
winkt,trinkt,1
wehn,mehr,0
kuß,genius,1
lodern,modern,1
da,amathusia,1
schwanenkleid,gewand,0
gluth,purpurblut,1
bote,tode,1
sitzt,blitzt,1
leben,nervgeweben,1
nie,saitenharmonie,1
gestade,mir,0
mir,leben,0
schlangenherz,scherz,1
entbinden,winden,1
pendeluhr,schenket,0
brüder,wieder,1
glieder,wieder,1
spiegelmeer,maiensonne,0
sternenzelt,gerichtet,0
schleifen,schweifen,1
dich,schlug,0
verschwinden,winden,1
dichterlande,gängelbande,1
christen,wirbt,0
schooße,morgenrose,1
hin,herzvergifterin,1
höllenschmerz,vaterherz,1
blicken,empfand,0
gebieten,hüten,1
stille,wirbelgang,0
lächeln,fächeln,1
reiht,höher,0
trinken,winken,1
wehn,mehr,0
götter,pergamus,0
vergehn,leer,0
kann,ach,0
thaut,schaut,1
küsse,entzückt,0
rund,sein,0
versagen,tragen,1
welt,hält,1
brüder,glieder,1
klingt,schwingt,1
ball,fall,1
leise,kreise,1
gewand,güte,0
schaar,zwillingspaar,1
bruder,thurme,0
heran,tritten,0
volke,wolke,1
noch,nebelscheine,0
trauermiene,trauerbühne,1
träumen,freute,0
drücken,wand,0
getrieben,chemikus,0
gefühle,feldern,0
preist,loben,0
hohn,thron,1
springe,singe,1
donnergang,wallte,0
sehen,weibsgesicht,0
ihn,melden,0
mich,haben,0
wonnefülle,stille,1
zucke,schmucke,1
süß,rosenkleide,0
reh,höh,1
geist,waren,0
wesenlenker,denker,1
liebespfand,ein,0
brücke,erblicke,1
sein,erfreun,1
siegel,sonnenhügel,1
vergolden,rollten,1
sich,fürchterlich,1
liebe,triebe,1
piloten,hinan,0
kuß,sterblichen,0
wie,rauschen,0
vorüber,kann,0
zähre,cythere,1
grab,planeten,0
ewigkeit,glückseligkeit,1
düster,schauernachtgeflüster,1
bahn,an,1
mir,ihr,1
locken,blitz,0
elysium,lenze,0
welt,millionen,0
glieder,meister,0
nicht,vorüber,0
klage,wage,1
augenblicke,brücke,1
blut,leiden,0
erreichen,gleichen,1
noch,doch,1
oreaden,najaden,1
lust,schlagen,0
lustgelage,tage,1
harmonie,spielen,0
felsenkraft,schaft,1
flur,rosen,0
schon,entflohn,1
gängelband,da,0
gesetzen,benetzen,1
feldern,art,0
sternenbogen,wehn,0
wehn,vergehn,1
ungestüm,ihm,1
menschen,wünschen,1
erdacht,würgern,0
gefallen,busenwallen,1
herz,schmerz,1
linken,winken,1
blut,heldenmuth,1
erde,jünglingsgeberde,1
daher,quer,1
sagen,wagen,1
harmonie,raum,0
röthest,umflötest,1
majestät,silberschaum,0
thyrsusschwinger,freudebringer,1
donnersprach,nach,1
sonnenrosse,geschosse,1
thron,ärmer,0
herab,stamm,0
feuerspiegel,hügel,1
besiegen,hirtenstab,0
hält,winden,0
blick,zurück,1
geist,oben,0
ruh,zu,1
ehre,trefflichkeit,0
gesichte,thracier,0
himmelsflamme,verdamme,1
schnitter,matten,0
tänze,heldenspiel,0
spähn,drehn,1
orgelton,espenwald,0
schöne,kamöne,1
held,feld,1
bezwungen,gerungen,1
raus,gesicht,0
lieber,mann,0
gerechtigkeit,ewigkeit,1
knüpfte,schlüpfte,1
nicht,nicht,0
lallte,hallte,1
welt,millionen,0
heraus,zückt,0
blut,kreist,0
strahl,erknarren,0
duft,menschengruft,1
singen,schwingen,1
mehr,thracier,1
träume,umgetauscht,0
menschengruft,paläste,0
flohn,schon,1
siegel,flügel,1
preisen,mehr,0
flogst,sogst,1
firmament,feder,0
empfand,spur,0
rosenkleide,blinkte,0
bewohnet,thronet,1
bahn,mann,1
ruh,zu,1
herzen,strande,0
tritten,erbitten,1
klaget,götterpracht,0
blicke,brücke,1
sonnen,zerronnen,1
blicken,wimmert,0
geist,niederreißt,1
hause,pause,1
meilen,heilen,1
du,winkt,0
wollte,sollte,1
geist,felsenkraft,0
nervgeweben,philadelphia,0
elysium,ritze,0
neckt,steigt,0
krone,dione,1
blick,wieder,0
gleich,himmelreich,1
an,admet,0
schatten,gatten,1
elysium,heiligthum,1
schwärmer,ärmer,1
zeit,unsterblichkeit,1
haben,gaben,1
verbannt,ein,0
regieret,führtet,1
doch,noch,1
glieder,wieder,1
feste,paläste,1
natur,nicht,0
weltenuhr,kennt,0
blut,gluth,1
gesang,wirbelgang,1
umher,spielen,0
palästen,festen,1
reben,gegeben,1
band,hand,1
dir,sie,0
wirth,kann,0
an,vollendungsgang,1
meilen,ereilen,1
au,thau,1
matten,schatten,1
angesicht,nicht,1
spur,zurück,0
eingestreut,todtenband,0
kohlen,geschlechte,0
gelesen,leben,1
genick,säbelhieb,0
brüder,wieder,1
schlagen,vergiftet,0
tage,morgentraum,0
schwärzt,hallte,0
glück,zurück,1
sein,voran,0
haus,raus,1
nach,sterbeblick,0
trüber,nichts,0
glanz,tanz,1
brüder,meister,0
thatenbergen,hegt,0
raum,zaum,1
verneinet,entweiche,0
blühn,sein,0
wehn,stehn,1
blick,trieb,0
lehren,ehren,1
pause,flügel,0
entgegenbringt,springt,1
spritzen,heldenmuth,0
wesen,lesen,1
jugendfreude,winkte,0
bach,trüber,0
dir,mir,1
welt,feld,1
getheilt,weilt,1
wein,ein,1
sternenmeer,her,1
macht,wasserschlacht,1
dione,schooß,0
wiederkäun,rauche,0
süß,paradies,1
reimen,geleite,0
umgetauscht,phantasien,0
trüben,geschrieben,1
ulerich,sich,1
verdirbt,blüthen,0
strande,schlug,0
keimen,räumen,1
ringer,vollbringer,1
götterfunken,feuertrunken,1
kieseln,felsen,0
fort,mord,1
mord,küsse,0
grab,ab,1
lauf,hin,0
heran,kann,1
ein,stein,1
geschwind,wind,1
sonnenhügel,wollustwellen,0
ab,reden,0
joch,noch,1
schlug,heuchlern,0
grab,ab,1
nach,vorüber,0
betrüben,ehrenmann,0
freuten,zeiten,1
ein,gefährte,0
stirbt,hienieden,0
wesen,bösen,1
todtennacht,modern,0
winken,gluthverlangen,0
getragen,achselzucken,0
sie,lauschen,0
bringt,wenden,0
belebt,schwebt,1
bringt,verschlingt,1
sich,gesetzen,0
blitzen,wonne,0
schäumen,reh,0
hügel,riegel,1
begrabenen,hoffnungen,1
nach,bruder,0
verbannt,verwandt,1
chemikus,spiritus,1
sein,ein,1
weltenmeister,geister,1
sternenzelt,belohnen,0
sein,reihn,1
weinet,singen,0
planeten,sich,0
maienschwung,morgendämmerung,1
ihr,dir,1
zwang,getriebe,0
körperweltgewühle,ziele,1
schon,spuren,0
zeit,gestalten,0
sei,phantasei,1
grüfte,hauf,0
wolke,gallionenheere,0
alle,träumen,0
hüten,charitin,0
grab,welt,0
auf,zu,0
sturme,thurme,1
kleinen,frau,0
gängelband,fabelland,1
schrein,ein,1
sinn,herz,0
rosenbild,heulen,0
weint,feind,1
an,hauf,0
entzückt,hyder,0
fluth,elysiumslüften,0
elysium,getheilt,0
nacht,wimmeln,0
gestalten,floß,0
herab,hirtenstab,1
umgetauscht,lustberauscht,1
natur,blick,0
dräun,wiederkäun,1
schritte,mitte,1
weilt,feuertrunken,0
wand,empfand,1
gängelband,fabelland,1
mir,schande,0
wenden,händen,1
empor,nach,0
brust,wagen,0
küssen,hüpft,0
nicht,licht,1
najaden,gestaden,1
weht,schöne,0
