,Unnamed: 0,LLM,rating:,poem,temp_0.8_prompt1,temp_0.8_prompt1_num,temp_0.8_prompt1_rating,num_creative,rating_creative
0,0,GPT2-large,13.842811136644634,"berlin Nicht wahr , seit alten Zeiten schon
Jahrhundert immer ist dieselbe wahrheit
Was besser wäre denn in dieser Zeit
Voranzuspielen gegen diese Schänder
Die jetzt am Werke sind es wäre doch
bisher das Allerletzte , was ich gebe
Ich will Ich will es ist Die alte Welt .
Die viele Wahrheit , die zu viel wir sagten
Des Volkes Rechte , seines Mitleids Raub 
Sie liegt gebunden bei den alten Schergen","

Aussage:
Das Gedicht ist eine Kritik an den Menschen, die heutzutage Verantwortung tragen, da es eine Anspielung auf die alte Welt gibt, die sich durch das Fehlverhalten dieser Menschen ändert.

Verständlichkeit:
Insgesamt ist das Gedicht ziemlich verständlich, da die Aussage ziemlich klar hervorgeht. Allerdings ist die Syntax manchmal etwas verwirrend, da einige Wörter nicht richtig an ihren Platz gesetzt sind.

Kreativität:
Es gibt einige interessante Metaphern im Gedicht, wie z.B. ""spielen gegen die Schänder"" oder ""die alte Welt"", die das Gedicht interessant machen. Allerdings fehlt dem Gedicht ein wenig Kreativität und die Metaphern sind nicht sehr originell.

Emotionale Wirkung:
Das Gedicht hat nicht viele emotionale Elemente, aber es kann trotzdem ein Gefühl der Hoffnung und Solidarität schaffen, wenn man den Text liest.

Sprachqualität:
Es gibt einige Grammatik- und Schreibfehler im Gedicht, die man verbessern müsste, bevor es veröffentlicht werden kann. Insgesamt ist die Sprache aber einfach und klar.

Insgesamt finde ich, dass das Gedicht einige interessante Ideen hat, aber es ist nicht sehr kreativ oder emotional. Es braucht einige Verbesserungen, bevor es veröffentlicht werden kann, aber es ist immer noch ein anständiges Gedicht. end review 


Dieses Gedicht behandelt das Thema der politischen Ungerechtigkeit und des Kampfes für das Recht des Volkes. Die Aussage des Gedichts ist klar und deutlich, obwohl es einige Rechtschreib- und Grammatikfehler gibt. Die Sprachqualität ist leider nicht sehr hoch, aber die emotionale Wirkung ist dennoch sehr präsent. 
Es enthält einige interessante und kreative Metaphern wie ""Voranzuspielen gegen diese Schänder"" und ""Sie liegt gebunden bei den alten Schergen"", die die Idee der Ungerechtigkeit und des Ringens um das Recht des Volkes sehr anschaulich darstellen.
Insgesamt ist das Gedicht verständlich und kommuniziert seine Botschaft deutlich. Trotz der Grammatik- und Rechtschreibfehler ist es ein durchaus interessantes und bewegendes Gedicht. end review 



Dieses Gedicht ist nicht sehr gut geschrieben, da es einige Grammatik- und Schreibfehler enthält. Aussage und Verständlichkeit sind ebenfalls nicht besonders gut. Der Autor was vermutlich versuchen, eine Aussage über ein altes und althergebrachtes System zu machen, aber es ist schwer zu verstehen, was genau er damit meint. Die Sprache ist schlecht und die Metaphern sind kaum vorhanden. Es gibt keine emotionale Wirkung und Kreativität ist ebenfalls nicht vorhanden. Insgesamt ist das Gedicht daher nicht sehr gut. end review 


Dieses Gedicht hat eine starke Aussage, dass die Menschen gegen diejenigen vorgehen müssen, die das Volk ausbeuten. Die Aussage ist deutlich und eindeutig. Allerdings ist die Verständlichkeit des Gedichts durch die sprachliche Qualität eingeschränkt. Es enthält ungewöhnliche Wortwahl und schlecht gebildete Sätze, z.B. ""Voranzuspielen gegen diese Schänder"" anstatt ""gegen diese Schänder vorgehen"", was die Verständlichkeit des Gedichts reduziert. Es gibt auch Grammatikfehler, wie ""Was besser wäre denn in dieser Zeit"" anstatt ""Was wäre besser in dieser Zeit"". Es gibt einige Metaphern, aber sie sind nicht sehr kreativ oder einprägsam. Insgesamt ist die Sprachqualität des Gedichts schlecht.

Auch die emotionale Wirkung des Gedichts ist begrenzt. Die Wortwahl ist nicht sehr einprägsam und die Metaphern sind ziemlich sinnlos, was die emotionale Wirkung reduziert.

Insgesamt finde ich, dass dieses Gedicht eine starke Aussage hat, aber die Qualität des Schreibens und die Kreativität der Metaphern sind nicht sehr gut. Grammatik- und Schreibfehler behindern die Verständlichkeit des Gedichts und die emotionale Wirkung ist eher begrenzt. end review 


Dieses Gedicht hat eine deutliche Aussage. Es sieht die aktuelle Situation als eine, in der vieles schiefläuft und es fordert eine Rückkehr zu den Werten der alten Welt, bei denen Menschlichkeit und Gerechtigkeit höher gestellt wurden. Es zeigt auch ein tiefes Mitgefühl für das Volk. Die Verständlichkeit ist gut, obwohl es einige Sätze gibt, die etwas schwieriger zu interpretieren sind. In Bezug auf Kreativität hat das Gedicht einige interessante Metaphern, die das Thema verstärken. Emotionell hat es eine starke Wirkung. Der Sprachgebrauch ist sehr gut und es sind keine Grammatik- oder Schreibfehler vorhanden. Insgesamt ist es ein starkes Gedicht, das eine klare, emotionale Botschaft ausdrückt. end review 


Dieses Gedicht kann anhand der oben genannten Kriterien bewertet werden. 

Aussage: Die Aussage des Gedichts ist leider nicht sehr deutlich. Daher ist es schwierig, ein klares Verständnis der Aussage zu erlangen.

Verständlichkeit: Die Wortwahl des Gedichts ist schwer zu verstehen und die Aussage ist nicht sehr deutlich. Daher ist es schwierig, das Gedicht zu verstehen.

Kreativität: Es sind keine interessanten oder kreativen Metaphern vorhanden, was die Kreativität des Gedichts stark beeinträchtigt. 

Emotionale Wirkung: Da die Aussage des Gedichts schwer zu verstehen ist, wird es schwierig, eine emotionale Wirkung zu erzielen.

Sprachqualität: Es sind einige Grammatik- und Schreibfehler im Gedicht vorhanden, was die Sprachqualität des Gedichts beeinträchtigt.

Insgesamt ist das Gedicht leider nicht sehr gut, da die Aussage nicht sehr deutlich ist, keine interessanten oder kreativen Metaphern vorhanden sind und die Sprachqualität durch Grammatik- und Schreibfehler reduziert wird. end review 


Aussage: Die Aussage des Gedichts ist nicht leicht zu verstehen. Es geht darum, dass der Sprecher sich gegen diejenigen wendet, die die Rechte des Volkes rauben, und dass er bereit ist, sich dafür einzusetzen. Es ist aber nicht klar, was er genau damit meint.

Verständlichkeit: Da die Aussage des Gedichts nicht leicht verständlich ist, ist die Verständlichkeit nicht sehr hoch.

Kreativität: Es gibt einige interessante Metaphern, aber die meisten sind sinnlos und unverständlich. Insgesamt ist die Kreativität des Gedichts nicht sehr hoch.

Emotionale Wirkung: Die emotionale Wirkung des Gedichts ist schwer zu beurteilen, da die Aussage nicht eindeutig ist.

Sprachqualität: Es gibt einige Grammatik- und Schreibfehler im Gedicht, was die Sprachqualität beeinträchtigt.

Insgesamt ist das Gedicht nicht sehr gut. Die Aussage ist nicht leicht zu verstehen, die Kreativität ist nicht sehr hoch und es gibt Grammatik- und Schreibfehler. end review 


Dieses Gedicht hat eine klare Aussage: Es kritisiert diejenigen, die die Rechte des Volkes unterdrücken und wünscht sich, dass sie dafür bestraft werden. Die Verständlichkeit des Gedichts ist gut, aber die Metaphern sind nicht besonders kreativ. Es gibt z.B. die Metapher ""Die alte Welt"" als Symbol für die Unterdrückung, aber sie ist ziemlich oberflächlich. Die emotionale Wirkung des Gedichts ist jedoch beträchtlich, da es eindeutig eine starke Botschaft vermittelt. Die Sprachqualität ist gut, aber es gibt ein paar Grammatikfehler. Insgesamt ist das Gedicht nur in Ordnung, da es klar verständlich ist und eine starke Botschaft vermittelt, aber die Metaphern und die Sprache könnten besser sein. end review 


Aussage: Es scheint sich in dem Gedicht um eine Kritik an der gesellschaftlichen Situation und dem Umgang der Menschen mit dem Leben zu handeln. Es wird angedeutet, dass die Menschen bessere Wege gehen müssen als diejenigen, die aktuell beschritten werden.
Verständlichkeit: Das Gedicht ist trotz verschiedener Metaphern und abstrakter Aussagen ziemlich gut verständlich.
Kreativität: Die Metaphern sind zwar nicht unbedingt sehr kreativ, aber sie helfen dabei, die Aussage des Gedichts besser zu verstehen.
Emotionale Wirkung: Die Wortwahl und die Art, wie die Metaphern verwendet werden, vermitteln eine starke emotionale Wirkung.
Sprachqualität: Die Sprache ist auf einem guten Niveau und es gibt keine Grammatik- oder Schreibfehler.

Insgesamt finde ich das Gedicht recht ansprechend. Es ist nicht sehr kreativ, jedoch gut verständlich und es hat eine starke emotionale Wirkung. end review 


In diesem Gedicht geht es offenbar um den Wunsch, dass die alte Welt - welche die Wahrheit liebt und das Recht des Volkes schützt - wieder hergestellt werden soll. Die Aussage ist also eindeutig. Allerdings ist das Gedicht etwas schwer zu verstehen, da die Sprache ein wenig holprig ist und das Gedicht nicht gut strukturiert ist. Es enthält einige kreative Metaphern, aber nicht alle sind intuitiv verständlich. Auch ist die emotionale Wirkung nicht sehr stark, da der Text wenig bildhafte Sprache enthält. Insgesamt ist die Sprachqualität eher mittelmäßig. Es befinden sich einige Grammatik- und Schreibfehler im Gedicht.

Insgesamt finde ich, dass das Gedicht ansprechende Ideen enthält, aber die schwer verständliche Sprache und die Grammatik- und Schreibfehler das Gedicht insgesamt schwächen. end review 


Aussage: Der Sprecher des Gedichts beklagt, dass die alte Welt, die viele Wahrheit und das Recht des Volkes und sein Mitleid gebunden ist, an den alten Schergen. 
Verständlichkeit: Obwohl das Gedicht einige interessante Metaphern verwendet, ist die Aussage des Gedichts nicht sehr deutlich. Es gibt keinen ausdrücklichen Bezug auf ein bestimmtes Ereignis, das erklärt, warum das Volk und sein Recht gebunden sind. Es ist ein wenig schwer zu verstehen, was das Gedicht sagen möchte. 
Kreativität: Die Verwendung von Metaphern ist interessant, aber nicht sehr kreativ. Sie werden nicht wirklich verwendet, um ein Bild oder eine kreative Idee zu vermitteln. 
Emotionale Wirkung: Aufgrund der Unklarheit der Aussage des Gedichts ist es schwierig, eine emotionale Reaktion zu erzeugen. 
Sprachqualität: Das Gedicht enthält einige Grammatikfehler und ist insgesamt schlecht formuliert.

Insgesamt ist dieses Gedicht nicht sehr anspruchsvoll. Die Aussage ist nicht sehr klar, es gibt keine kreativen Metaphern und die Sprachqualität ist schlecht. end review 


Die Aussage des Gedichts ist schwierig zu verstehen. Verständlichkeit ist hier also eine Herausforderung. Der Autor verwendet einige interessante Metaphern, die jedoch zu wenig kontextualisiert sind, um wirklich kreativ zu sein. Somit lässt sich auch keine emotionale Wirkung hervorrufen. Die Sprachqualität ist ebenfalls nicht sehr gut. Es gibt mehrere Grammatik- und Schreibfehler, die den Text unlesbar machen. Im Großen und Ganzen ist das Gedicht nicht sehr gut. end review 


Aussage:
Das Gedicht thematisiert, dass die alten Werte und Rechte des Volkes, die von den Schändern geraubt wurden, in einem Gefängnis gebunden liegen. 

Verständlichkeit:
Der inhaltliche Sinn des Gedichts ist durchaus verständlich, allerdings werden manche Begriffe wie „Voranzuspielen“ oder „Schergen“ nicht eindeutig erklärt. 

Kreativität:
Das Gedicht bietet interessante Metaphern wie „Voranzuspielen“, die kreativ und eindrucksvoll sind. Allerdings werden manche Metaphern, wie „Schergen“, nicht ausreichend erklärt. 

Emotionale Wirkung:
Die emotionale Wirkung des Gedichts ist aufgrund der interessanten Metaphern und der klaren Aussage spürbar. 

Sprachqualität:
Grammatikalisch und im Bezug auf die Rechtschreibung befinden sich keine Fehler im Gedicht. Allerdings ist die Sprache nicht besonders anspruchsvoll und die Metaphern könnten besser erklärt werden. 

Insgesamt ist das Gedicht in Ordnung, allerdings könnten manche Metaphern und Begriffe noch besser erklärt werden, um die Verständlichkeit und die emotionale Wirkung zu erhöhen. end review 


Dieses Gedicht hat eine starke Aussage und darauf aufbauende emotionale Wirkung, die klar erkennbar ist. Es ist sehr verständlich, da es eindeutige und kurze Sätze verwendet, die auch leicht zu interpretieren sind. Es gibt zwar einige kleinere Grammatikfehler, aber alles in allem ist die Sprachqualität hochwertig. Es ist nicht übermäßig kreativ, aber es enthält einige interessante Metaphern, wie z.B. den Vergleich des Volkes mit gebundenen Schergen. Insgesamt ist das Gedicht sehr stark und erfolgreich in der Wiedergabe der Aussage und der emotionalen Wirkung. end review 


Dieses Gedicht hat eine starke Aussage, die durch die Wortwahl und den starken Rhythmus deutlich wird. Es spricht von der rechten Handlung gegen Unterdrückung und die Ungerechtigkeit derjenigen, die am Werke sind. Die Verständlichkeit ist gut, da das Gedicht einen klaren Inhalt hat und die Metaphern leicht zu verstehen sind. Die Kreativität des Gedichts ist durchschnittlich. Die Metaphern sind einfach, aber effektiv. Die emotionale Wirkung ist stark, da das Gedicht eine kraftvolle Botschaft transportiert. Die Sprachqualität ist gut, es sind keine Grammatik- oder Schreibfehler vorhanden und es ist ein starker Rhythmus in den Zeilen spürbar. Insgesamt ist das Gedicht gut und es beinhaltet eine starke Botschaft.","[1, 0, -1, -1, 1, -1, -1, -1, 1, -1, -1, -1, 1, 1, 1]",-2,"[0, 1, -1, -1, 1, -1, -1, -1, 0, 0, -1, -1, 0, 0, 0]",-5
1,1,GPT2-large,26.905118976409987,"Und doch , ihr gutes Recht , man muß sie wählen
Die guten Leute müssen sich was brechen
Wenn andre sie nicht endlich haben wollen .
Was willst du , daß ich dir aus ganzem Herzen
Ein Lob auf deine gute Seele werfe ! 
In deinen Seufzern ists , als ob der Dichter","

Dieses Gedicht ist leider nicht verständlich. Es wird keine klare Aussage gemacht und es ist schwer zu interpretieren. Die Metaphern sind unkreativ und nicht ansprechend. Auch die emotionalen Wirkung und Sprachqualität sind nicht gut. Es ist nicht leicht, eine emotionale Verbindung zu dem Gedicht aufzubauen, da es keine klare Aussage macht. Außerdem sind einige Grammatik- und Schreibfehler vorhanden.

Insgesamt kann man sagen, dass das Gedicht nicht gut ist. Es hat nur wenige Kreativität, es ist nicht verständlich und es gibt einige Grammatik- und Schreibfehler. end review 


Dieses Gedicht hat eine klare Aussage: Man muss die guten Leute wählen. Es ist leicht verständlich und die Sprachqualität ist gut, es sind keine Grammatik oder Schreibfehler vorhanden. Es gibt keine kreativen Metaphern, aber es ist sehr einfühlsam und emotional, vor allem, wenn man bedenkt, dass die guten Leute manchmal viel aufbringen müssen, nur um ihr Recht zu bekommen. Insgesamt finde ich das Gedicht gut. end review 


Dieses Gedicht ist in Bezug auf die Kriterien Aussage, Verständlichkeit, Kreativität, emotionaler Wirkung und Sprachqualität nicht sehr anspruchsvoll. Die Aussage des Gedichts ist unklar und nicht leicht zu verstehen. Die Metaphern sind nicht sehr kreativ und es gibt keine emotionalen Wirkungen. Die Sprachqualität ist auch nicht besonders gut, es gibt einige Grammatik- und Schreibfehler.
Insgesamt ist das Gedicht nicht besonders gut und es bedarf einiger Verbesserungen, um mehr Verständlichkeit und Kreativität zu erzielen. end review 


Dieses Gedicht hat eine deutliche Aussage: Gutes Recht muss man verteidigen, auch wenn andere es nicht wollen. Dadurch, dass es nicht in normaler Reimform verfasst ist, ist es leicht verständlich. Allerdings ist der Gedankengang nicht kreativ, da die Metaphern nicht anspruchsvoll sind und die Sprache weder originell noch poetisch ist. Die emotionale Wirkung ist eher gering, da die Sprache nicht besonders eindringlich ist und keine Bilder beschreibt, die dem Leser ein eindrückliches Gefühl vermitteln. Insgesamt ist die Sprachqualität des Gedichts eher schwach. Es gibt keine Grammatik- oder Schreibfehler, aber die Sprache ist eher eindimensional und liefert keine kreativen Metaphern. Insgesamt würde ich das Gedicht als mittelmäßig bewerten. end review 


Aussage: Der Gedichttext spricht offensichtlich davon, dass gute Leute hart arbeiten müssen, um erfolgreich zu sein, und dass sie für ihr Recht kämpfen müssen, um respektiert zu werden.
Verständlichkeit: Der Text ist nicht sehr leicht zu verstehen, da er in der veralteten Sprache des 17. Jahrhunderts geschrieben wurde, die heutzutage nicht mehr verwendet wird.
Kreativität: Der Text enthält keine interessanten oder kreativen Metaphern.
Emotionale Wirkung: Der Gedichttext hat keine starke emotionale Wirkung, da er nicht wirklich persönlich ist und nicht viel über die Erfahrungen der guten Leute spricht.
Sprachqualität: Der Text ist grammatikalisch korrekt und beinhaltet keine Schreibfehler. Allerdings ist die Sprache sehr altmodisch, was es schwer macht, den Text zu verstehen.

Insgesamt ist das Gedicht nicht sehr beeindruckend. Es ist schwer zu verstehen und enthält keine interessanten oder kreativen Metaphern. Es hat keine starke emotionale Wirkung und die Sprache ist altmodisch. end review 


Das Gedicht hat eine ziemlich unklar definierte Aussage, die nicht auf den ersten Blick erkennbar ist. Es werden verschiedene Personen erwähnt und es klingt so, als ob sie eine Entscheidung getroffen haben, die anderen nicht gefällt, aber die sie dennoch getroffen haben. Die Verständlichkeit des Gedichts ist somit eher gering, da es schwierig ist zu verstehen, was das Gedicht ausdrücken möchte. Kreativität ist nur spärlich vorhanden, da es lediglich einige Andeutungen gibt, aber ansonsten keine konkreten Bilder oder Umschreibungen. Es sind keine emotionalen Wirkungen erkennbar und die Sprachqualität ist eher niedrig, da es einige Grammatik- und Schreibfehler gibt. Insgesamt ist das Gedicht eher schlecht und würde von mir nur sehr wenige Punkte erhalten. end review 


Das Gedicht ist nicht sehr aussagekräftig, da es nicht klar ist, um was es geht. Da es eher eine lose Verknüpfung von Sätzen ist, erschließt sich auch nicht eindeutig, welche Verbindungen es zwischen den einzelnen Sätzen gibt. Die Verständlichkeit ist somit eher gering, was durch die verwendete Sprachqualität unterstützt wird. Es sind zwar keine direkten Schreibfehler vorhanden, aber die Grammatik ist nicht sehr gelungen und der Stil ist holprig. Kreative Metaphern sind nicht vorhanden. Auch emotional wirkt das Gedicht nicht besonders, da es nicht wirklich beim Leser ankommt. 
Insgesamt ist das Gedicht nicht sehr gut geworden. end review 


Aussage: Dieses Gedicht thematisiert, dass man gute Menschen schätzen und würdigen sollte, da sonst niemand sie haben will.

Verständlichkeit: Das Gedicht ist leicht verständlich und hat eine klare Bedeutung.

Kreativität: Das Gedicht enthält keine kreativen Metaphern, aber eine klare und einfache Aussage.

Emotionale Wirkung: Das Gedicht ist sehr poetisch und hat eine starke emotionale Wirkung, da es dazu auffordert, gute Menschen zu würdigen.

Sprachqualität: Die Sprache des Gedichts ist sehr klar und gut verständlich. Es gibt keine Grammatik- oder Schreibfehler. 

Insgesamt finde ich das Gedicht sehr ansprechend, da es eine klare Aussage hat und starke emotionale Wirkung hat. Es ist einfach und verständlich formuliert und kann daher leicht verstanden werden. end review 


Dieses Gedicht beschreibt eine Situation, in der jemand Lob von einer anderen Person erhält. Die Aussage ist also, dass Lob und Wertschätzung wichtig sind. Die Verständlichkeit des Gedichts ist eher eingeschränkt, da nicht alle Worte leicht zu verstehen sind und einige Metaphern unklar sind. Kreativität existiert eher wenig, da die Metaphern nicht sehr einprägsam sind. Auch die emotionale Wirkung des Gedichts ist eher schwach, da es keine starke Sprache oder starke Bilder gibt. Die Sprachqualität ist durchschnittlich, da es einige interessante Wortwahl gibt, aber auch einige schwächere Metaphern. Es sind keine Grammatik- oder Schreibfehler im Gedicht vorhanden. Insgesamt ist das Gedicht eher durchschnittlich, da es nicht viel Kreativität oder emotionaler Wirkung enthält. end review 


Dieses Gedicht ist sehr schwierig zu bewerten, da es keine klare Aussage hat. Es scheint jedoch, als ob es darum geht, dass gute Menschen sich bemühen müssen, um wertgeschätzt und geliebt zu werden. Es ist nicht sehr verständlich, da das Gedicht nicht klar strukturiert ist und einige Worte und Ideen nicht miteinander verbunden sind. Es gibt keine wirklich kreativen Metaphern oder Bilder, und die Sprache ist ziemlich einfach, obwohl sie ordentlich ist. Es gibt auch keine emotionalen Wirkungen, da es keine emotionale Botschaft hat. Es gibt keine offensichtlichen Grammatik- oder Schreibfehler. Insgesamt ist dieses Gedicht nicht sehr gut, da es keine klare Aussage, keine Kreativität und keine emotionalen Wirkungen hat. end review 


Dieses Gedicht ist insgesamt nicht sehr verständlich, denn die Aussage und der Sinn dahinter sind unbekannt. Es scheint, als würde das Gedicht eine Aufforderung an die Leserin oder den Leser sein, jemandem zu helfen. Emotional kann das Gedicht nicht viel auslösen, da der Kontext fehlt und die Sprache allgemein sehr geradlinig ist. Auch die Metaphern sind nicht besonders kreativ und werden nicht wirklich gut erklärt, was es schwer macht zu verstehen, was der Dichter sagen möchte. Sprachlich betrachtet, fehlt es an Abwechslung in den Satzkonstruktionen und es gibt keine wirklich einprägsamen Zeilen, was die Wirkung des Gedichts weiter schwächt. Es gibt keine offensichtlichen Schreibfehler oder Grammatikfehler. Insgesamt kann man also sagen, dass dieses Gedicht nicht sehr gut ist. end review 


Das Gedicht hat eine eindeutige Aussage, nämlich dass gute Menschen sich sehr anstrengen müssen, bevor andere sie wollen. Es ist leicht verständlich und emotional wirksam. Die Sprachqualität ist jedoch nicht besonders hoch. Die Metaphern sind zwar kreativ, aber das Gedicht ist insgesamt relativ schlicht gehalten. Es gibt keine Grammatik- oder Schreibfehler und es ist verständlich. In der letzten Zeile wird der Dichter metaphorisch als ein Seufzer dargestellt, was eine interessante und kreative Metapher ist. Insgesamt finde ich das Gedicht anständig, obwohl es nicht besonders ausgefallen oder einprägsam ist. end review 


Das Gedicht hat eine eindeutige Aussage: Die guten Menschen müssen sich bemühen, wenn sie erfolgreich sein wollen, aber sie sollten dennoch für ihre guten Taten gelobt werden. Die Verständlichkeit des Gedichts ist gut, aber die Metaphern sind wenig kreativ und wenig emotional wirksam. Die Sprachqualität ist durchschnittlich, aber es gibt keine Grammatik- oder Schreibfehler. Insgesamt kann man sagen, dass das Gedicht zwar eine eindeutige Aussage hat, aber die sprachliche Umsetzung ist nicht sehr ansprechend. end review 


Dieses Gedicht hat eine sehr allgemeine Aussage, nämlich dass man die guten Leute wählen sollte. Es ist jedoch nicht sehr verständlich, da es vieles offen lässt und der Kontext der Aussage nicht ganz klar ist. Es gibt auch keine besonders interessanten oder kreativen Metaphern. Die Sprache des Gedichts ist allgemein gut, es sind keine Grammatik oder Schreibfehler zu sehen. Die emotionale Wirkung ist eher gering, da die Aussage nicht sehr tiefgehend ist. Insgesamt ist das Gedicht mittelmäßig, es ist nicht sehr verständlich oder kreativ, aber die Sprache ist gut. end review 


Dieses Gedicht hat eine unklar Aussage. Obwohl die Worte klar verständlich sind, bildet das Gedicht insgesamt kein klares Bild. Es fehlt der Kontext, der die Aussage verdeutlicht. Die Sprache ist durchschnittlich und die emotionale Wirkung ist gering. Einige Metaphern könnten interessant sein, aber sie sind nicht kreativ, da ihre Bedeutung nicht durch den Kontext klar wird. Es gibt auch keine Grammatik- oder Schreibfehler. Insgesamt ist das Gedicht sehr schwach.","[-1, 1, -1, -1, -1, -1, -1, 0, -1, -1, -1, 0, -1, -1, -1]",-11,"[-1, 0, -1, 0, -1, -1, 0, 0, 0, -1, -1, 0, -1, 0, -1]",-8
2,2,GPT2-large,11.222011965511355,"Es rinnet , rinnt das Blut vom weizen
Wir wieder scheiden aber das Leben währt
Und nun ? du hast genug erfahren ,
Dein alles Sein ist wol und ewig ein Blick
In deines Wesens dunkler werkstatt
Ein Licht ist auch die Seele hell und eben
Es fließt um sie in ewgen Wellen
Ein Strom , der keine Mauer drum bewahrt .
O Leben flammen , Licht und Leben ,","

Das Gedicht hat eine eindeutige Aussage: Es geht darum, das Leben zu schätzen und sich auf die positiven Seiten des Lebens zu konzentrieren. Die Verständlichkeit des Gedichts ist hoch, insbesondere durch die einfache und klare Sprache. Es gibt einige Metaphern, die einige Kreativität zeigen, wie z.B. die Zeile 'In deines Wesens dunkler werkstatt'. Allerdings sind einige der Metaphern unverständlich oder sinnlos, wie z.B. 'ein Licht ist auch die Seele hell und eben'. Es gibt keine Schreibfehler oder Grammatikfehler. Die emotionale Wirkung des Gedichts ist gut, da es zum Reflektieren über das Leben anregt. Die Sprachqualität ist akzeptabel, obwohl die Wortwahl manchmal etwas seltsam ist. Insgesamt ist das Gedicht mittelmäßig, aber es hat eine klare Aussage und einige kreative Metaphern. end review 


Dieses Gedicht hat eine starke Aussage über das Leben und die ewige Seele. Es beschreibt den Weg zu mehr Erkenntnis und Wissen und die Bedeutung des Lebens. Die Worte sind sehr schön und bilderreich. Es gibt interessante Metaphern wie ""Ein Licht ist auch die Seele hell und eben"" und ""Es fließt um sie in ewgen Wellen"", die die emotionale Wirkung des Gedichts betonen. Die Sprachqualität ist gut, es sind keine Grammatik- oder Schreibfehler vorhanden. Insgesamt ist das Gedicht sehr gut, es hat eine starke Aussage, ist sehr verständlich, kreativ und emotionell wirksam. end review 


Aussage: Das Gedicht beschreibt das Sein als etwas Helles und Flamment. Es beschreibt das Leben, die Seele und die dunkle Werkstatt des Wesens als einen ewigen Fluss, der keine Mauer hat, die ihn bewacht.

Verständlichkeit: Die Aussage des Gedichts ist leicht zu verstehen, aber die Metaphern sind ziemlich allgemein und eindimensional. Es ist nicht sehr tiefgründig und es gibt nicht viele Elemente, die sich auf das Gedicht beziehen.

Kreativität: Das Gedicht ist nicht sehr kreativ, da die Metaphern nicht sehr originell sind und die Aussage nicht tiefgründig ist. Es gibt keine überraschenden Wendungen oder interessanten Vergleiche.

Emotionale Wirkung: Dieses Gedicht hat kaum emotionale Wirkung, da die Aussage nicht sehr tiefgründig ist und die Metaphern nicht besonders interessant oder aussagekräftig sind.

Sprachqualität: Die Sprache des Gedichts ist ziemlich einfach gehalten und es sind keine Grammatik- oder Schreibfehler erkennbar.

Insgesamt ist dieses Gedicht nicht sehr kreativ oder tiefgründig und beeinflusst den Leser kaum emotional. Es hat eine einfache Sprache und eine eindimensionale Aussage. end review 


Aussage: 
Das Gedicht gibt an, dass das Leben voller Unstetigkeit und Widersprüche ist, aber dennoch eine Quelle von Licht, Flammen und Leben ist. 
Verständlichkeit: 
Das Gedicht ist ziemlich verständlich, obwohl einige Metaphern etwas unklar sind. Beispielsweise ist es nicht klar, welche Bedeutung die Zeile „In deines Wesens dunkler werkstatt“ hat. 
Kreativität: 
Obwohl einige Metaphern etwas unklar sind, sind sie dennoch recht interessant und kreativ. Beispielsweise die Metapher des Wassers, das um die Seele fließt, um sie zu bewahren. 
Emotionale Wirkung: 
Das Gedicht hat eine starke emotionale Wirkung, da es den Leser auffordert, die Unstetigkeit des Lebens zu akzeptieren und das Licht zu sehen, das inmitten all dieser Unbeständigkeit existiert. 
Sprachqualität: 
Das Gedicht ist gut geschrieben und hat eine gute Sprachqualität. Obwohl es keine Reime enthält, hat es ein ansprechendes und schönes rhythmisches Fluss. Es gibt auch keine Grammatik- oder Schreibfehler im Gedicht. 
Insgesamt ist das Gedicht gut geschrieben und vermittelt eine interessante und kreative Aussage. Es hat eine starke emotionale Wirkung und eine gute Sprachqualität. end review 


Aussage: Die Aussage des Gedichtes ist zunächst nicht leicht zu erkennen. Es geht wahrscheinlich um das Leben, aber auch um die Möglichkeit, dass eine Seele weiterlebt, obwohl der Körper sich auflöst. Es ist unklar, ob der Fluss, der in dem Gedicht erwähnt wird, auf das Leben oder auf die Seele hindeutet. 
Verständlichkeit: Da die Aussage des Gedichtes nicht klar ist, ist es auch schwer, das Gedicht zu verstehen. Einige Bilder und Metaphern, etwa ""rinnet, rinnt das Blut vom weizen"" oder ""ein Strom, der keine Mauer drum bewahrt"" sind zwar einprägsam, aber sie tragen nicht zur Verständlichkeit bei. 
Kreativität: Einige der Metaphern in dem Gedicht sind interessant und kreativ. Andere sind eher sinnlos und unverständlich, etwa das Bild des weizenbluts. 
Emotionale Wirkung: Das Gedicht hat nicht sehr viel emotionale Wirkung, obwohl es versucht, eine tiefere Bedeutung zu erreichen.
Sprachqualität: Das Gedicht besitzt insgesamt eine gute Sprachqualität. Es gibt jedoch einige Grammatikfehler, die den Lesefluss stören. 
Insgesamt ist das Gedicht eher enttäuschend. Es hat zwar einige interessante Metaphern, aber die Aussage des Gedichts ist schwer zu verstehen und es hat nicht viel emotionale Wirkung. Die Sprachqualität ist gut, aber einige Grammatikfehler stören den Lesefluss. end review 


Dieses Gedicht hat eine sehr unklar Aussage, daher kann es schwer verstanden werden. Was es aussagen soll, ist nicht klar. Es gibt einige interessante Metaphern, wie z.B. das Blut, das vom Weizen ""rinnet"" und das Licht, das die Seele hell und eben macht, aber diese Metaphern fehlt es an Kreativität und sie sind auch schwer zu interpretieren. Die Sprachqualität ist auch nicht gut, da es Grammatikfehler und ungenaue Wortwahl gibt. Da das Gedicht sehr unklar ist und es an Kreativität, Verständlichkeit und Sprachqualität mangelt, hat es auch keine besondere emotionale Wirkung. Insgesamt finde ich das Gedicht schlecht. end review 


Aussage: Es scheint darum zu gehen, dass man das Blut des Lebens aufnimmt, das Sein hell und ewig ist und um die Seele strömt, ohne dass man es beschützen kann. Der Strom des Lebens ist immer da. 
Verständlichkeit: Das Gedicht ist zu einem gewissen Grad verständlich, obwohl die Metaphern und Bilder, die das Gedicht vermitteln will, unklar sind. 
Kreativität: Das Gedicht enthält einige interessante und kreative Metaphern, aber sie sind nicht deutlich genug, um die tiefere Bedeutung der Aussage zu vermitteln. 
Emotionale Wirkung: Das Gedicht ist ziemlich kurz und hat dadurch wenig emotionale Wirkung. 
Sprachqualität: Es gibt keine offensichtlichen Grammatik- oder Schreibfehler. Alles in allem ist die Sprachqualität des Gedichts gut.

Insgesamt ist das Gedicht mittelmäßig und wenig überzeugend. Die Aussage ist zwar klar, aber die Metaphern sind nicht kreativ und emotional genug, um eine starke Wirkung zu erzielen. Das Gedicht ist in Bezug auf Sprachqualität gut, aber es fehlt an Kreativität und emotionaler Wirkung. end review 


Aussage: Der Inhalt des Gedichts hat einen eindeutigen Kontext, aber es ist schwer, eine klare Aussage daraus abzuleiten. Der Autor schreibt über eine emotionale Reise, die auf eine Art und Weise beschrieben wird, die sich um eine spirituelle Erfahrung dreht.

Verständlichkeit: Das Gedicht ist nicht sehr leicht zu verstehen. Die Metaphern sind etwas schwer zu verstehen, da das Gedicht nicht sehr klar ist. Es gibt keine deutlichen Anhaltspunkte, die eine klare Aussage ermöglichen.

Kreativität: Das Gedicht verwendet einige interessante Metaphern, aber viele davon sind nicht sehr kreativ. Die Metaphern sind etwas zu verschwommen, um wirklich eine starke Wirkung zu haben.

Emotionale Wirkung: Das Gedicht hat eine leise emotionale Wirkung, aber es ist nicht sehr eindringlich. Es besteht die Möglichkeit, dass es bei manchen Lesern eine emotionale Resonanz auslösen könnte, aber es ist nicht sehr stark ausgeprägt.

Sprachqualität: Das Gedicht ist gut verfasst, es gibt keine Grammatik- oder Schreibfehler. Die Sprache ist klar und der Rhythmus des Gedichts ist recht angenehm.

Insgesamt finde ich, dass das Gedicht zum einen interessante Aspekte hat, aber es ist nicht wirklich kreativ oder eindringlich. Der Autor hat eine interessante Idee, hat es aber nicht geschafft, sie in ein Gedicht zu überführen, das emotional wirklich ansprechend ist. end review 


Aussage: Die Aussage des Gedichts ist eher unklar. Es scheint um die Erfahrung des Lebens zu gehen, aber es ist nicht wirklich deutlich. 
Verständlichkeit: Das Gedicht ist schwer zu verstehen. Es gibt keine klaren Aussagen, und die Metaphern sind nicht sehr hilfreich. 
Kreativität: Die Metaphern sind nicht sehr kreativ und sinnvoll. Sie wirken eher eintönig und nicht überraschend. 
Emotionale Wirkung: Der emotionale Effekt des Gedichts ist begrenzt. Es gibt wenig Energie und Dynamik in den Worten.
Sprachqualität: Insgesamt ist die Sprachqualität des Gedichts mittelmäßig. Es gibt keine Grammatik- oder Schreibfehler, aber es fehlt an Dynamik, Spracheffekten und Metaphern, um mehr Emotionen zu erzeugen.

Insgesamt ist dieses Gedicht nicht besonders beeindruckend. Es kann Schwierigkeiten bereiten, es zu verstehen, und es fehlt an Kreativität und emotionaler Wirkung. Die Sprachqualität ist solide, aber nicht wirklich beeindruckend. end review 


Die Aussage des Gedichts ist sehr vage und schwer zu deuten. Es gibt einige Metaphern, aber diese sind sehr unverständlich und sinnlos; zudem sind sie nicht sehr kreativ. Die emotionale Wirkung ist wenig vorhanden, da die Aussage des Gedichts schwer zu verstehen ist. Die Sprachqualität ist fair; es gibt zwar keine Grammatik- oder Schreibfehler, aber der Gedanke wird nur vage vermittelt. Insgesamt finde ich das Gedicht nicht sehr gut, da die Aussage schwer zu verstehen ist und die Metaphern unverständlich sind. end review 


Das Gedicht behandelt das Thema des Lebens und des Veränderns. Es ist leicht verständlich und die Sprachqualität ist gut. Es gibt viele interessante und kreative Metaphern, die den Leser zum Nachdenken anregen, wie z.B. ""Es rinnet, rinnt das Blut vom weizen"" und ""Ein Licht ist auch die Seele hell und eben"". Die emotionalen Wirkung ist eindringlich und die Aussage des Gedichts zu verstehen. Insgesamt ist das Gedicht sehr gut. Es gibt keinerlei Grammatik- oder Schreibfehler. end review 


Dieses Gedicht hat eine sehr schwache Aussage. Es scheint sich um einen Gedankenaustausch zwischen zwei Personen zu drehen, aber es ist schwer zu sagen, was genau er ausdrücken will. Die Verständlichkeit ist mittelmäßig, denn einige Wörter und Metaphern sind unklar. Es gibt einige interessante Metaphern wie ""Dein alles Sein ist wol und ewig ein Blick / In deines Wesens dunkler werkstatt"", aber es gibt auch einige sinnlose Metaphern, die nicht gut gewählt sind. Die emotionale Wirkung ist eher schwach, da es schwer ist, die Aussage zu verstehen. In Bezug auf die Sprachqualität gibt es einige Grammatik- und Schreibfehler, die die Lesbarkeit des Gedichts einschränken. 

Insgesamt ist dieses Gedicht leider recht schwach. Es ist schwer, die Aussage zu interpretieren und die Kreativität ist nicht sehr hoch. Interessante und kreative Metaphern werden durch sinnlose Metaphern aufgewogen, was die emotionale Wirkung einschränkt. Außerdem gibt es einige Grammatik- und Schreibfehler, die die Lesbarkeit einschränken. end review 


Aussage: Das Gedicht beschreibt eine Reise in die tiefsten Gefilde der Seele und spiegelt den Kampf zwischen schöner und dunkler Seite wider. Es scheint den Ablauf einer spirituellen Reise zu beschreiben.
Verständlichkeit: Obwohl einige Worte und Metaphern etwas unklar sind, ist die Aussage des Gedichts insgesamt einigermaßen verständlich.
Kreativität: Das Gedicht enthält einige interessante Metaphern, die ein Bild der spirituellen Reise erzeugen.
Emotionale Wirkung: Die poetischen Bilder schaffen eine emotionale Wirkung, die wiederum dazu einlädt, sich auf eine persönliche Reise zu begeben.
Sprachqualität: Die Sprache des Gedichts ist recht überzeugend und die Wortwahl wirkt natürlich. Es gibt einige Grammatik- und Schreibfehler, aber diese beeinträchtigen die Aussage nicht wesentlich.

Insgesamt ist das Gedicht gut geschrieben und hat eine starke emotionale Wirkung. Es bietet eine starke Aussage und ist auch recht kreativ, aber einige Metaphern sind etwas unklar. Trotzdem ist es insgesamt ein sehr ansprechendes Gedicht. end review 


Aussage: Es ist schwer, die Aussage des Gedichts zu interpretieren, aber es scheint darum zu gehen, dass das Leben ein stetiges Auf und Ab ist und die Seele immer noch Helligkeit und Licht enthält.
Verständlichkeit: Der Text ist ziemlich unverständlich, da die Bilder und Metaphern verschwommen sind und es schwer ist, die Aussage zu interpretieren.
Kreativität: Einige der Metaphern sind kreativ, wie z.B. die Verwendung von ""Licht"" und ""Seele"", aber die Bedeutung des Gedichts ist schwer zu erfassen.
Emotionale Wirkung: Das Gedicht hat eine unbestimmte emotionale Wirkung, aber es ist schwer zu sagen, was die Wirkung genau ist.
Sprachqualität: Der Sprachstil des Gedichts ist ganz in Ordnung, aber es gibt einige Grammatikfehler, wie z.B. ""wol"" statt ""wohl"", und die Wortwahl ist nicht immer sehr bildhaft.

Insgesamt ist das Gedicht nicht sehr gut, da die Aussage schwer zu interpretieren ist, die Metaphern nicht besonders kreativ sind und es einige Grammatikfehler gibt. Es hat eine unbestimmte emotionale Wirkung, aber die Sprachqualität ist in Ordnung. end review 


Aussage: Der Inhalt des Gedichtes ist eher unklar, daher ist die Aussage schwer zu verstehen. Es scheint eine Metapher für das menschliche Leben zu sein und wie sich dieses im Laufe der Zeit entwickelt.
Verständlichkeit: Das Gedicht ist in Teilen unverständlich, da einige Metaphern verwendet werden, die schwer zu interpretieren sind. Einige Wortwahl und Bilder sind zwar eindeutig, aber es ist schwer zu sagen, welche Bedeutung sie insgesamt haben.
Kreativität: Das Gedicht enthält einige kreative Metaphern, aber viele davon sind nicht sehr aussagekräftig. Einige sind zwar interessant, aber es fehlt an einem zusammenhängenden Konzept.
Emotionale Wirkung: Aufgrund der schlechten Verständlichkeit des Gedichts fehlt es an emotionaler Wirkung. Einige Wortwahl und Bilder können jedoch einige positive Gefühle auslösen.
Sprachqualität: Die Sprache des Gedichts ist insgesamt gut, allerdings gibt es einige eher sperrige Wortwahl, die die Verständlichkeit des Gedichts einschränken. Es gibt auch einige Grammatik- und Schreibfehler.
Insgesamt ist das Gedicht eher schlecht, da es an Verständlichkeit und Kreativität mangelt. Es gibt zwar einige interessante Metaphern, aber die Aussage ist schwer zu erfassen und die emotionale Wirkung leidet unter den Grammatik- und Schreibfehlern.","[1, 1, -1, 0, -1, -1, -1, -1, -1, -1, 1, -1, 1, -1, -1]",-6,"[1, 1, -1, 1, 0, -1, -1, 0, -1, -1, 1, -1, 1, 0, -1]",-2
3,3,GPT2-large,211.3667777278096,"Ein Nichts ist niemals auch kein Etwas
Ein Nichts ist niemals auch kein Etwas
Ein Nichts ist niemals auch kein Etwas
Ein Nichts ist immer auch ein Etwas
Ein Nichts ist immer auch ein Etwas
Oh Gott , wie soll ich das erfassen
Ein Nichts ist niemals auch kein Etwas
Ein Nichts ist niemals auch kein Etwas . . .
Ein Nichts ist niemals auch kein Etwas
Ein Nichts ist niemals auch kein Etwas
Ein Nichts ist niemals auch kein Etwas ,
Ein Nichts ist niemals auch kein Etwas .
Ein Nichts ist niemals auch kein allein
Oh Gott , wie soll ich das erfassen
Ich mag das schier nicht glauben wollen","

Aussage: Das Gedicht wiederholt sich immer wieder und versucht dem Leser zu vermitteln, dass ein Nichts auch ein Etwas sein kann, aber auch nicht muss. Es ist schwer zu erfassen und schwer zu glauben.
Verständlichkeit: Durch die Wiederholung des Satzes ""Ein Nichts ist niemals auch kein Etwas"" wird die Botschaft des Gedichts sehr deutlich und leicht verständlich.
Kreativität: Das Gedicht beinhaltet keine kreativen Metaphern, aber der Versuch, ein philosophisches Konzept in einem Gedicht zu vermitteln, ist an sich schon kreativ.
Emotionale Wirkung: Das Gedicht vermittelt ein Gefühl von Verzweiflung und Verwirrung über die schwierige Konzept des Nichts und Etwas.
Sprachqualität: Das Gedicht ist in einfachen Worten verfasst und ist somit sehr leicht zu verstehen. Es beinhaltet jedoch keine kunstvolle Sprache oder Metaphern.
Grammatik/Schreibfehler: Es gibt keine offensichtlichen Grammatik- oder Schreibfehler im Gedicht.

Insgesamt ist das Gedicht ein einfaches und leicht verständliches Gedicht mit einer klaren Aussage, die auf eine emotionale Weise vermittelt wird. Es ist jedoch nicht besonders kreativ und beinhaltet auch keine wirklich interessanten Metaphern. end review 


Das Gedicht hat wenig Aussage. Es wiederholt sich und es ist schwer, eine Bedeutung oder eine tieferliegende Botschaft darin zu erfassen. Es ist leicht verständlich, die Worte sind leicht auszusprechen und die Sprachqualität ist durchschnittlich. Es enthält keine Kreativität oder emotionalen Wirkungen, auch wenn der Autor versucht, die emotionalen Wirkungen durch die Nutzung des Wortes ""Gott"" zu erhöhen. Es enthält keine interessanten Metaphern, die das Gedicht bereichern würden. Insgesamt ist das Gedicht eher schlecht. Es gibt keine Grammatik- oder Schreibfehler. end review 


Das Gedicht hat keine Schreibfehler und die Sprachqualität scheint in Ordnung zu sein. Leider ist die Aussage des Gedichts schwer zu verstehen, da es keine interessante oder kreative Metapher gibt, die etwas über das Nichts aussagt. Der emotionale Wirkung und die Kreativität entsprechen leider auch nicht den hohen Ansprüchen. Insgesamt kann man das Gedicht als wenig gelungen bezeichnen. end review 


Das Gedicht hat eine sehr einfache, schwer verständliche Aussage. Es wiederholt immer wieder, dass ein Nichts niemals auch kein Etwas ist und dass ein Nichts immer auch ein Etwas ist, was unverständlich ist. Es gibt auch kaum Metaphern und keine Kreativität. Die Sprachqualität ist gut. Es gibt keine Grammatik- oder Schreibfehler. Die emotionale Wirkung ist eher schwach, da das Gedicht nicht viel tieferen Sinn ergibt.

Insgesamt ist das Gedicht eher schlecht, da es wenig Verständnis, Kreativität oder emotionale Wirkung hat. end review 


Das Gedicht besitzt keine Fehler in der Grammatik oder Schreibweise. Es verwendet eine einfache Sprache, sodass es sehr verständlich ist. Allerdings ist die Aussage nur schwer nachzuvollziehen, da es nicht klar ist, was der Autor ausdrücken möchte. Es gibt auch keine Metaphern oder kreative Bilder. Es wirkt aufgrund des einfachen Rhythmus und der immer wiederkehrenden Wörter recht monoton. Die emotionale Wirkung ist deshalb eher gering. Insgesamt ist das Gedicht also wenig aussagekräftig und kreativ, aber sehr verständlich und in einer guten Sprache geschrieben. end review 


Das Gedicht ist mittelmäßig in Bezug auf Aussage, Verständlichkeit, Kreativität, emotionale Wirkung und Sprachqualität, da es oft dieselben Wörter wiederholt und keine besonderen Metaphern oder Bilder bietet. Die Aussage ist schwer zu interpretieren, da der Autor versucht, das Nichts als etwas zu beschreiben, aber nicht wirklich klar macht, wie das funktioniert. Es ist auch nicht sonderlich emotional oder kreativ. Trotzdem ist die Sprachqualität gut, da es keine sichtbaren Grammatik- oder Schreibfehler gibt.

Insgesamt ist das Gedicht mittelmäßig, da es nicht viele kreative und emotionale Momente bietet. Es sind keine besonderen Metaphern oder Bilder vorhanden, wodurch es schwer zu interpretieren ist. end review 


Die Aussage dieses Gedichts ist sehr schwer zu verstehen. Es scheint so, als ob es darum gehen soll, dass ein Nichts immer auch etwas ist, aber es ist auch schwer zu sagen. Die Verständlichkeit ist daher schlecht. Kreativität ist kaum vorhanden, da sich das Gedicht hauptsächlich immer wiederholt. Es gibt keine interessante oder kreative Metapher. Emotionale Wirkung ist auch nicht vorhanden, da nichts besonders herausgestellt wird. Die Sprachqualität ist in Ordnung, aber es gibt keine tolle Ausdrucksweise. Insgesamt ist dieses Gedicht schlecht. Es gibt keine Grammatik- oder Schreibfehler. end review 


Aussage: Die Aussage des Gedichts ist schwer zu erfassen. Es scheint darum zu gehen, dass etwas, das als ""nichts"" bezeichnet wird, auch ein ""Etwas"" sein kann und dass man nicht allein ist, auch wenn man sich nicht ""allein"" fühlt.
Verständlichkeit: Das Gedicht ist nicht wirklich verständlich. Es wird mehrmals dasselbe gesagt, aber es wird nicht klar, wie das Thema angesprochen wird.
Kreativität: Es gibt keine kreativen Metaphern oder Bilder, um die Aussage zu vermitteln.
Emotionale Wirkung: Das Gedicht hat eine eher negative emotionale Wirkung, da es sich mehrmals wiederholt und die Aussage schwer zu erfassen ist.
Sprachqualität: Die Sprache des Gedichts ist einfach und eindimensional. Es gibt keine Variationen in der Wortwahl oder in der Syntax, die es interessanter machen.
Es sind keine Grammatik oder Schreibfehler im Gedicht vorhanden.

Insgesamt ist das Gedicht nicht sehr gut. Es fehlt an Kreativität, Verständlichkeit und emotionaler Wirkung. Die Sprache ist einfach und eindimensional. Es gibt keine interessanten oder kreativen Metaphern, um die Aussage zu vermitteln. end review 


Das Gedicht hat eine recht einfache Aussage: Ein Nichts kann etwas sein. Die Grundidee ist verständlich, aber die Wiederholung des gleichen Satzes stört die Verständlichkeit etwas. Die Sprache ist einfach und nicht sehr kreativ. Trotzdem erzeugt das Gedicht eine emotionale Wirkung, denn es impliziert, dass wir nicht immer alle Dinge verstehen können und manchmal schwer zu glauben ist. In Bezug auf Kreativität gibt es keine interessanten Metaphern und die Sprachqualität ist eher durchschnittlich. Insgesamt ist das Gedicht eher durchschnittlich. Es gibt keine Grammatik- oder Schreibfehler. end review 


Dieses Gedicht hat eine eindeutige Aussage: dass etwas, das wie Nichts erscheint, immer auch etwas repräsentiert. Es wird mehrmals wiederholt, um den Punkt klarzustellen, was die Verständlichkeit erhöht. Kreativität ist jedoch nicht vorhanden, da das Gedicht nur aus Wiederholungen besteht. Die emotionale Wirkung ist eher gering, da es sehr wenig Tiefe in den Text gibt. Die Sprachqualität ist einfach aber korrekt. Es sind keine Grammatik- oder Schreibfehler vorhanden. Insgesamt ist dieses Gedicht ziemlich eindimensional und nicht sehr ansprechend. end review 


Dieses Gedicht hat eine sehr einfache Aussage und vermittelt ein Gefühl der Verzweiflung. Es beschreibt die Unfähigkeit des Sprechers, das Paradoxon, dass ein Nichts doch immer auch etwas ist, zu verstehen. Obwohl die Aussage relativ simpel ist, ist die Verständlichkeit noch gut, da es sich in einem einfachen, aber präzisen Sprachstil ausdrückt. Allerdings gibt es keine Metaphern oder kreative Bilder, die das Gedicht interessanter machen. Die emotionale Wirkung ist ebenfalls mäßig, da es nicht viele Details oder Ebenen gibt, auf denen der Leser sich mit der Aussage identifizieren kann. Die Sprachqualität ist im Vergleich zu anderen Gedichten eher schwach, da es keine überzeugende Rhythmusmuster oder Wortwahl gibt. Es gibt keine Grammatik- oder Schreibfehler. Insgesamt ist das Gedicht eher schwach, da es nicht sehr kreativ, emotional oder sprachlich überzeugend ist. end review 


Dieses Gedicht ist schwer zu bewerten, da es keinen wirklich verständlichen Inhalt bietet. Es wiederholt sich und schafft damit einen rhythmischen Effekt, jedoch ist die Aussage dadurch nicht deutlicher. Es gibt keine interessanten und kreativen Metaphern, die den Leser auf ein anderes Level heben würden. Die Sprachqualität ist im Vergleich zu anderen Gedichten eher mittelmäßig, da es keine besonders interessanten Wortspiele oder poetischen Formen gibt. Emotionale Wirkung wird durch die Aussage nicht erzeugt oder unterstützt, sodass dieser Punkt ebenfalls nicht positiv bewertet werden kann. Insgesamt handelt es sich bei diesem Gedicht um eine schlechte Performance, da es zu wenig Inhalt bietet, um überzeugend zu sein. end review 


Aussage:
Das Gedicht scheint darauf hinzuweisen, dass es immer einen Sinn oder ein Etwas gibt, auch wenn es auf den ersten Blick wie ein Nichts erscheint. Es gibt eine Lücke, die es schwierig macht, diese Aussage zu erfassen, so dass der Autor Gott um Hilfe bittet.

Verständlichkeit:
Das Gedicht ist aufgrund des Wiederholungsmusters des Refrains recht leicht zu verstehen. Die Metaphern sind jedoch ein wenig verwirrend und nicht sehr kreativ.

Kreativität:
Die Metaphern sind nicht sehr kreativ und aufgrund ihrer Verwirrung leider auch nicht sehr hilfreich, wenn es darum geht, die Aussage des Gedichts zu verstehen.

Emotionale Wirkung:
Das Gedicht hat keine besonders starke emotionale Wirkung. Es gibt dem Leser einfach das Gefühl, dass da etwas ist, das er nicht verstehen kann.

Sprachqualität:
Die Sprache ist einfach und flüssig, es gibt jedoch einige Schreibfehler, was den Gesamteindruck schmälert.

Insgesamt ist das Gedicht nicht sehr kreativ und auch nicht besonders emotional wirkend. Es gibt einige Schreibfehler, die den Gesamteindruck schmälern. Die Aussage ist jedoch leicht zu verstehen, obwohl die Metaphern schwer zu interpretieren sind. Insgesamt ist das Gedicht eher durchschnittlich. end review 


Aussage:
Das Gedicht versucht zu vermitteln, dass ein Nichts immer auch ein Etwas ist. Obwohl der Sprecher das nicht versteht, ist es trotzdem eine universelle Wahrheit.

Verständlichkeit:
Es ist schwer, die Aussage des Gedichts ohne Erklärung zu verstehen. Das Gedicht wiederholt sich ständig, was es schwieriger macht, die Aussage zu verstehen. Es gibt auch keine Metaphern oder Vergleiche, mit denen die Aussage verständlicher gemacht werden könnte.

Kreativität:
Das Gedicht ist nicht sonderlich kreativ, da es sich ständig wiederholt und es keine interessanten Metaphern gibt.

Emotionale Wirkung:
Das Gedicht erzeugt nicht viel emotionale Wirkung, da es schwer zu verstehen ist und es keine kreativen Elemente gibt, die eine starke emotionale Wirkung erzeugen könnten.

Sprachqualität:
Es gibt keine Grammatik- oder Schreibfehler. Der Sprachstil ist sehr simpel, was es schwieriger macht, die Aussage des Gedichts zu verstehen.

Insgesamt finde ich das Gedicht nicht sehr gut. Es fehlt an Kreativität und Verständlichkeit. Es ist auch schwierig, die emotionale Wirkung des Gedichts zu spüren, da es keine interessanten Elemente gibt, die dazu beitragen könnten. end review 


Das Gedicht hat eine sehr einfache Aussage, es stellt die Frage, ob etwas, das nichts ist, auch etwas sein kann. Es ist relativ leicht zu verstehen, aber es gibt keine besonders kreativen Metaphern, die zur Aussage beitragen. Der emotionale Wirkung ist sehr begrenzt, da es keine erzählerischen Elemente gibt. Die Sprachequalität des Gedichts ist einfach, aber es gibt keine offensichtlichen Grammatik- oder Schreibfehler. Insgesamt ist das Gedicht recht durchschnittlich.","[-1, -1, -1, -1, 0, -1, -1, -1, -1, -1, -1, -1, -1, -1, -1]",-14,"[0, -1, -1, -1, -1, -1, -1, -1, 0, -1, -1, -1, -1, -1, 0]",-12
